fold,model,family,reduction,optimizer,n_train,n_test,search_time_s,best_params,accuracy,precision,recall,f1,balanced_accuracy,mcc,roc_auc,tn,fp,fn,tp,status,fit_time_s,n_reduced_features,balance,dataset
0,VQC,quantum,LDA,default,1200,10962,3.00002284348011e-07,{},0.6412151067323482,0.13506935994159164,0.5942184154175589,0.2201070791195717,0.619905378430758,0.13830593721826295,0.6413858113769668,6474,3554,379,555,ok,2.583631500019692,1,undersample,HR Promotion
1,VQC,quantum,LDA,default,1200,10962,2.00001522898674e-07,{},0.5367633643495713,0.10230326295585412,0.5706638115631691,0.17350260416666666,0.5521348575167262,0.05829220547021471,0.5856004151971909,5351,4677,401,533,ok,2.7665008000331,1,undersample,HR Promotion
2,VQC,quantum,LDA,default,1200,10962,3.9994483813643456e-07,{},0.6076445904032111,0.10912468075226375,0.5032119914346895,0.1793550849074604,0.5602916758130767,0.06892971548928854,0.5637851595831458,6191,3837,464,470,ok,2.631623800029047,1,undersample,HR Promotion
3,VQC,quantum,LDA,default,1200,10961,3.00002284348011e-07,{},0.5494936593376517,0.10165108414561369,0.5476956055734191,0.1714765100671141,0.548678277457631,0.05452365590688352,0.5402134473634594,5512,4516,422,511,ok,2.7015002999687567,1,undersample,HR Promotion
4,VQC,quantum,LDA,default,1200,10961,2.00001522898674e-07,{},0.6629869537450962,0.13274807129555732,0.5348338692390139,0.21270247229326514,0.604872060267692,0.12330340191117097,0.6269872011102033,6768,3260,434,499,ok,2.3648242999915965,1,undersample,HR Promotion
5,VQC,quantum,LDA,default,1200,10962,3.00002284348011e-07,{},0.5706987775953293,0.11806399351964358,0.6241970021413277,0.19856948228882834,0.594956498677365,0.10656565645061344,0.6079340800789907,5673,4355,351,583,ok,2.520990699995309,1,undersample,HR Promotion
6,VQC,quantum,LDA,default,1200,10962,4.00003045797348e-07,{},0.530103995621237,0.09738399847240786,0.5460385438972163,0.1652892561983471,0.5373292041384765,0.04172826183294751,0.5334742058424847,5301,4727,424,510,ok,2.4265967999817804,1,undersample,HR Promotion
7,VQC,quantum,LDA,default,1200,10962,4.00003045797348e-07,{},0.6380222587119139,0.13621103117505995,0.6081370449678801,0.2225705329153605,0.6244713944424563,0.1431572295965326,0.6473755177152795,6426,3602,366,568,ok,2.7145591999869794,1,undersample,HR Promotion
8,VQC,quantum,LDA,default,1200,10961,2.00001522898674e-07,{},0.5242222424961226,0.10234026745913818,0.5905680600214362,0.17444989710305525,0.5543087607646072,0.06063104106581177,0.5686673776448452,5195,4833,382,551,ok,2.6537965000024997,1,undersample,HR Promotion
9,VQC,quantum,LDA,default,1200,10961,3.00002284348011e-07,{},0.6081561901286379,0.11951109099139882,0.5659163987138264,0.19734629041300691,0.5890012787346555,0.10126815804585246,0.6164533518367222,6138,3890,405,528,ok,2.566573199990671,1,undersample,HR Promotion
10,VQC,quantum,LDA,default,1200,10962,4.00003045797348e-07,{},0.5051085568326947,0.08760330578512397,0.5107066381156317,0.14955322150807338,0.5076468970394672,0.008539754879824741,0.5077092492199572,5060,4968,457,477,ok,2.5023957999655977,1,undersample,HR Promotion
11,VQC,quantum,LDA,default,1200,10962,4.00003045797348e-07,{},0.7043422733077905,0.14518609658566595,0.5053533190578159,0.22556750298685782,0.6141146332026215,0.13950446205640696,0.6207093905800376,7249,2779,462,472,ok,2.6938745999941602,1,undersample,HR Promotion
12,VQC,quantum,LDA,default,1200,10962,2.00001522898674e-07,{},0.6526181353767561,0.12362493452069147,0.5053533190578159,0.19865319865319866,0.5858437915592231,0.1006076031975544,0.5690317112086158,6682,3346,462,472,ok,2.538487699988764,1,undersample,HR Promotion
13,VQC,quantum,LDA,default,1200,10961,3.00002284348011e-07,{},0.5080740808320409,0.11921434671221179,0.7481243301178992,0.20565704183853858,0.6169321291594682,0.13083019323711223,0.6131259055566173,4871,5157,235,698,ok,2.453598000050988,1,undersample,HR Promotion
14,VQC,quantum,LDA,default,1200,10961,2.00001522898674e-07,{},0.5838883313566281,0.101493848857645,0.49517684887459806,0.1684594348222425,0.5436594256339484,0.04944925303889234,0.5542137962258731,5938,4090,471,462,ok,2.641704900015611,1,undersample,HR Promotion
0,QSVC,quantum,LDA,default,1200,10962,2.9994407668709755e-07,{},0.650519978106185,0.11009421265141318,0.43790149892933616,0.17595181759518175,0.5541122971312018,0.06383340737827022,0.5456864782890563,6722,3306,525,409,ok,47.7158533000038,1,undersample,HR Promotion
1,QSVC,quantum,LDA,default,1200,10962,3.00002284348011e-07,{},0.6677613574165299,0.1294471811713191,0.5064239828693791,0.20619006102877072,0.5946060879644064,0.11205884452716966,0.6063089729912561,6847,3181,461,473,ok,47.669972500007134,1,undersample,HR Promotion
2,QSVC,quantum,LDA,default,1200,10962,3.00002284348011e-07,{},0.6851851851851852,0.12887053966381598,0.4678800856531049,0.20208092485549134,0.5866524480918097,0.10467691512019786,0.5792484469609291,7074,2954,497,437,ok,47.2275956000085,1,undersample,HR Promotion
3,QSVC,quantum,LDA,default,1200,10961,3.00002284348011e-07,{},0.6397226530426056,0.11273754494093477,0.4705251875669882,0.181893515641185,0.5629949432051136,0.07346291373880176,0.5662939054676915,6573,3455,494,439,ok,46.72922829998424,1,undersample,HR Promotion
4,QSVC,quantum,LDA,default,1200,10961,4.00003045797348e-07,{},0.6207462822735151,0.11137897782063645,0.49517684887459806,0.1818539657547727,0.5638030235597562,0.0734227542516442,0.5511831608901293,6342,3686,471,462,ok,48.092907799989916,1,undersample,HR Promotion
5,QSVC,quantum,LDA,default,1200,10962,2.9994407668709755e-07,{},0.6345557380040139,0.1209279368213228,0.5246252676659529,0.19655034095467308,0.5847099214277112,0.09798760285087653,0.5975839384199616,6466,3562,444,490,ok,47.74469730001874,1,undersample,HR Promotion
6,QSVC,quantum,LDA,default,1200,10962,4.00003045797348e-07,{},0.6263455573800402,0.12321258341277407,0.5535331905781584,0.20155945419103313,0.5933302171478746,0.10721341665052106,0.609114981264451,6349,3679,417,517,ok,47.97655130003113,1,undersample,HR Promotion
7,QSVC,quantum,LDA,default,1200,10962,3.00002284348011e-07,{},0.6569968983762087,0.11223929747530187,0.43790149892933616,0.17868064657055482,0.5576523848854897,0.06833488800781216,0.5504037837523884,6793,3235,525,409,ok,48.02845049998723,1,undersample,HR Promotion
8,QSVC,quantum,LDA,default,1200,10961,6.999471224844456e-07,{},0.6743910227169054,0.13651406508549366,0.5305466237942122,0.21715288440447467,0.6091604279720961,0.12948791885641955,0.6157720333762143,6897,3131,438,495,ok,47.545749700046144,1,undersample,HR Promotion
9,QSVC,quantum,LDA,default,1200,10961,3.00002284348011e-07,{},0.6013137487455524,0.11477247253978928,0.5487674169346195,0.18984056358917314,0.5774850247816297,0.08802843208592943,0.5874625539379341,6079,3949,421,512,ok,48.025196100003086,1,undersample,HR Promotion
10,QSVC,quantum,LDA,default,1200,10962,3.00002284348011e-07,{},0.6693121693121693,0.13307881101718025,0.5224839400428265,0.21212779830471637,0.602735787332941,0.12158059008921776,0.61571374242058,6849,3179,446,488,ok,47.611923999967985,1,undersample,HR Promotion
11,QSVC,quantum,LDA,default,1200,10962,3.00002284348011e-07,{},0.5375843824119686,0.09277132164664172,0.5042826552462527,0.1567126933954417,0.522484367112556,0.025177606908508683,0.5375793602324626,5422,4606,463,471,ok,47.47713459999068,1,undersample,HR Promotion
12,QSVC,quantum,LDA,default,1200,10962,4.00003045797348e-07,{},0.6195949644225506,0.11143131604226705,0.49678800856531047,0.18203216947822676,0.5639105579324358,0.07352537780718739,0.5615101591347225,6328,3700,470,464,ok,48.00431769998977,1,undersample,HR Promotion
13,QSVC,quantum,LDA,default,1200,10961,2.00001522898674e-07,{},0.663899279262841,0.1186581646797893,0.4587352625937835,0.18854625550660792,0.5708614486084195,0.08416918511135939,0.572372544442549,6849,3179,505,428,ok,47.77457680000225,1,undersample,HR Promotion
14,QSVC,quantum,LDA,default,1200,10961,3.00002284348011e-07,{},0.5595292400328438,0.09603816635552789,0.4962486602357985,0.16093152589502954,0.5308327465518841,0.03466869081866979,0.5328405224214643,5670,4358,470,463,ok,47.41909839998698,1,undersample,HR Promotion
0,RandomForest,classical,LDA,default,1200,10962,2.00001522898674e-07,{},0.6471446816274402,0.14306569343065692,0.6295503211991434,0.2331482950039651,0.639166863830525,0.16051545298477565,0.6954713098826497,6506,3522,346,588,ok,0.6849002999952063,1,undersample,HR Promotion
1,RandomForest,classical,LDA,default,1200,10962,2.00001522898674e-07,{},0.6248859697135559,0.13200555812876333,0.6102783725910065,0.21706016755521707,0.6182624411818216,0.13514541151438716,0.6783677544417386,6280,3748,364,570,ok,0.7067956000100821,1,undersample,HR Promotion
2,RandomForest,classical,LDA,default,1200,10962,3.00002284348011e-07,{},0.6296296296296297,0.13292625645843117,0.6059957173447538,0.21802773497688752,0.6189132954494012,0.13622950543224427,0.6813504094317495,6336,3692,368,566,ok,0.7051011000294238,1,undersample,HR Promotion
3,RandomForest,classical,LDA,default,1200,10961,2.00001522898674e-07,{},0.6347048626950096,0.1329189576858714,0.5959271168274384,0.21735731039874903,0.6171199205995987,0.13455939782727072,0.6734488555303457,6401,3627,377,556,ok,0.7407898000092246,1,undersample,HR Promotion
4,RandomForest,classical,LDA,default,1200,10961,2.00001522898674e-07,{},0.5983030745369948,0.12720240653201548,0.6345123258306538,0.2119205298013245,0.6147232550573293,0.12954028135917336,0.6682956531999791,5966,4062,341,592,ok,0.7153146999771707,1,undersample,HR Promotion
5,RandomForest,classical,LDA,default,1200,10962,1.00000761449337e-07,{},0.6341908410873928,0.12796323173681665,0.5663811563169164,0.20876085240726125,0.603443868944258,0.1191745057459991,0.6672379969917208,6423,3605,405,529,ok,0.6893270000000484,1,undersample,HR Promotion
6,RandomForest,classical,LDA,default,1200,10962,2.00001522898674e-07,{},0.5881226053639846,0.12201815495039055,0.6188436830835118,0.20384411920296244,0.6020524757659282,0.11503043740947569,0.6504549573827116,5869,4159,356,578,ok,0.5552585999830626,1,undersample,HR Promotion
7,RandomForest,classical,LDA,default,1200,10962,2.00001522898674e-07,{},0.6638387155628535,0.14757878554957723,0.6167023554603854,0.23816415133347116,0.6424656571877116,0.1661307078978088,0.6982231870676452,6701,3327,358,576,ok,0.7352981999865733,1,undersample,HR Promotion
8,RandomForest,classical,LDA,default,1200,10961,1.00000761449337e-07,{},0.6423683970440653,0.14072648544623526,0.6270096463022508,0.22986247544204322,0.6354035068368055,0.15575275158828863,0.6913283214288309,6456,3572,348,585,ok,0.7160315000219271,1,undersample,HR Promotion
9,RandomForest,classical,LDA,default,1200,10961,3.00002284348011e-07,{},0.6357084207645288,0.13932107496463933,0.6334405144694534,0.2284057971014493,0.634679970038875,0.15432750628175215,0.6868089820100717,6377,3651,342,591,ok,0.6851780000142753,1,undersample,HR Promotion
10,RandomForest,classical,LDA,default,1200,10962,2.00001522898674e-07,{},0.6083743842364532,0.13014754459370184,0.632762312633833,0.2158904109589041,0.6194326122403309,0.13538060227883258,0.6865351427138915,6078,3950,343,591,ok,0.6607806999818422,1,undersample,HR Promotion
11,RandomForest,classical,LDA,default,1200,10962,4.00003045797348e-07,{},0.5670498084291188,0.12509834775767112,0.6809421841541756,0.21136590229312063,0.6186920733295809,0.1328968694856275,0.6762801308370823,5580,4448,298,636,ok,0.6798735000193119,1,undersample,HR Promotion
12,RandomForest,classical,LDA,default,1200,10962,4.00003045797348e-07,{},0.6165845648604269,0.1363737486095662,0.6563169164882227,0.22582427703076072,0.6346004207490974,0.15280611541255382,0.6950510732689369,6146,3882,321,613,ok,0.6630244000116363,1,undersample,HR Promotion
13,RandomForest,classical,LDA,default,1200,10961,1.00000761449337e-07,{},0.658699023811696,0.14055299539170507,0.5884244372990354,0.226906385616863,0.6268308863798727,0.14780474593801143,0.6864620969110713,6671,3357,384,549,ok,0.7407130000065081,1,undersample,HR Promotion
14,RandomForest,classical,LDA,default,1200,10961,4.00003045797348e-07,{},0.6374418392482438,0.130498177399757,0.5755627009646302,0.21275752773375595,0.6093808718225624,0.12607123104810786,0.6612995402797142,6450,3578,396,537,ok,0.7132187000242993,1,undersample,HR Promotion
0,VQC,quantum,LDA,default,491,123,1.00000761449337e-07,{},0.5853658536585366,0.8035714285714286,0.5294117647058824,0.6382978723404256,0.6199690402476781,0.2226224851429693,0.6965944272445821,27,11,40,45,ok,3.537278400035575,1,undersample,Loan Approval
1,VQC,quantum,LDA,default,491,123,1.00000761449337e-07,{},0.5447154471544715,0.7843137254901961,0.47058823529411764,0.5882352941176471,0.5905572755417956,0.16986475171032797,0.6529411764705882,27,11,45,40,ok,3.6535359999979846,1,undersample,Loan Approval
2,VQC,quantum,LDA,default,491,123,1.00000761449337e-07,{},0.5447154471544715,0.7058823529411765,0.5714285714285714,0.631578947368421,0.5293040293040293,0.054852128034675374,0.47588522588522586,19,20,36,48,ok,3.462020799983293,1,undersample,Loan Approval
3,VQC,quantum,LDA,default,491,123,1.00000761449337e-07,{},0.5284552845528455,0.6911764705882353,0.5595238095238095,0.618421052631579,0.5105311355311355,0.01971248351246146,0.5210622710622711,18,21,37,47,ok,3.574396100011654,1,undersample,Loan Approval
4,VQC,quantum,LDA,default,492,122,2.00001522898674e-07,{},0.6475409836065574,0.7971014492753623,0.6547619047619048,0.7189542483660131,0.643170426065163,0.2675175474361456,0.7192982456140351,24,14,29,55,ok,3.1434667999856174,1,undersample,Loan Approval
5,VQC,quantum,LDA,default,491,123,2.00001522898674e-07,{},0.7154471544715447,0.890625,0.6705882352941176,0.7651006711409396,0.743188854489164,0.44984089136458544,0.7380804953560373,31,7,28,57,ok,3.4380832000169903,1,undersample,Loan Approval
6,VQC,quantum,LDA,default,491,123,2.00001522898674e-07,{},0.6260162601626016,0.7532467532467533,0.6823529411764706,0.7160493827160493,0.5911764705882353,0.17413647752361142,0.5938080495356036,19,19,27,58,ok,3.375324799970258,1,undersample,Loan Approval
7,VQC,quantum,LDA,default,491,123,2.00001522898674e-07,{},0.5284552845528455,0.76,0.4523809523809524,0.5671641791044776,0.5723443223443223,0.13707553920097376,0.5311355311355311,27,12,46,38,ok,3.3623780999914743,1,undersample,Loan Approval
8,VQC,quantum,LDA,default,491,123,1.00000761449337e-07,{},0.4715447154471545,0.6666666666666666,0.4523809523809524,0.5390070921985816,0.48260073260073255,-0.032473081998804096,0.4722222222222222,20,19,46,38,ok,3.6009655999951065,1,undersample,Loan Approval
9,VQC,quantum,LDA,default,492,122,2.00001522898674e-07,{},0.5,0.7090909090909091,0.4642857142857143,0.5611510791366906,0.5216165413533835,0.04023730629383563,0.5673558897243107,22,16,45,39,ok,3.3658533999696374,1,undersample,Loan Approval
10,VQC,quantum,LDA,default,491,123,2.00001522898674e-07,{},0.5934959349593496,0.8070175438596491,0.5411764705882353,0.647887323943662,0.6258513931888545,0.2332275707703348,0.5857585139318886,27,11,39,46,ok,3.572506299999077,1,undersample,Loan Approval
11,VQC,quantum,LDA,default,491,123,2.00001522898674e-07,{},0.5691056910569106,0.7580645161290323,0.5529411764705883,0.6394557823129252,0.5791021671826626,0.1462038727654046,0.605263157894737,23,15,38,47,ok,3.6140223999973387,1,undersample,Loan Approval
12,VQC,quantum,LDA,default,491,123,3.00002284348011e-07,{},0.5609756097560976,0.7083333333333334,0.6071428571428571,0.6538461538461539,0.5343406593406593,0.06487229096374447,0.5222832722832722,18,21,33,51,ok,3.4862782999989577,1,undersample,Loan Approval
13,VQC,quantum,LDA,default,491,123,2.00001522898674e-07,{},0.6260162601626016,0.7714285714285715,0.6428571428571429,0.7012987012987013,0.6163003663003663,0.21857277695374544,0.5906593406593407,23,16,30,54,ok,3.562488899973687,1,undersample,Loan Approval
14,VQC,quantum,LDA,default,492,122,1.9994331523776054e-07,{},0.5,0.6885245901639344,0.5,0.5793103448275863,0.5,0.0,0.5137844611528822,19,19,42,42,ok,3.3860080000013113,1,undersample,Loan Approval
0,QSVC,quantum,LDA,default,491,123,1.00000761449337e-07,{},0.5609756097560976,0.7719298245614035,0.5176470588235295,0.6197183098591549,0.5877708978328173,0.1626568666996062,0.5746130030959752,25,13,41,44,ok,1.1503369999700226,1,undersample,Loan Approval
1,QSVC,quantum,LDA,default,491,123,2.00001522898674e-07,{},0.5121951219512195,0.676056338028169,0.5647058823529412,0.6153846153846154,0.47972136222910217,-0.03793492137878975,0.5278637770897833,15,23,37,48,ok,1.238111199985724,1,undersample,Loan Approval
2,QSVC,quantum,LDA,default,491,123,2.00001522898674e-07,{},0.5691056910569106,0.803921568627451,0.4880952380952381,0.6074074074074074,0.6158424908424909,0.21883586151769804,0.614010989010989,29,10,43,41,ok,1.1816136999987066,1,undersample,Loan Approval
3,QSVC,quantum,LDA,default,491,123,2.00001522898674e-07,{},0.5772357723577236,0.7857142857142857,0.5238095238095238,0.6285714285714286,0.6080586080586081,0.2019435080413061,0.6355311355311355,27,12,40,44,ok,1.1871157999848947,1,undersample,Loan Approval
4,QSVC,quantum,LDA,default,492,122,1.00000761449337e-07,{},0.6639344262295082,0.864406779661017,0.6071428571428571,0.7132867132867133,0.6983082706766917,0.3675411617904485,0.6766917293233082,30,8,33,51,ok,1.2205429000314325,1,undersample,Loan Approval
5,QSVC,quantum,LDA,default,491,123,1.00000761449337e-07,{},0.6585365853658537,0.7866666666666666,0.6941176470588235,0.7375,0.6365325077399381,0.25865213858108665,0.7408668730650154,22,16,26,59,ok,1.2580041000037454,1,undersample,Loan Approval
6,QSVC,quantum,LDA,default,491,123,2.00001522898674e-07,{},0.5772357723577236,0.7538461538461538,0.5764705882352941,0.6533333333333333,0.5777089783281734,0.14385725890404774,0.6160990712074303,22,16,36,49,ok,1.297581800026819,1,undersample,Loan Approval
7,QSVC,quantum,LDA,default,491,123,1.00000761449337e-07,{},0.6178861788617886,0.7936507936507936,0.5952380952380952,0.6802721088435374,0.6309523809523809,0.24382006425628308,0.674908424908425,26,13,34,50,ok,1.2277582999668084,1,undersample,Loan Approval
8,QSVC,quantum,LDA,default,491,123,3.00002284348011e-07,{},0.5121951219512195,0.7222222222222222,0.4642857142857143,0.5652173913043478,0.5398351648351649,0.07470456401800167,0.5541819291819291,24,15,45,39,ok,1.2845355999888852,1,undersample,Loan Approval
9,QSVC,quantum,LDA,default,492,122,3.00002284348011e-07,{},0.5163934426229508,0.7777777777777778,0.4166666666666667,0.5426356589147286,0.5767543859649122,0.1473374059157938,0.5325814536340853,28,10,49,35,ok,1.2075981000089087,1,undersample,Loan Approval
10,QSVC,quantum,LDA,default,491,123,2.00001522898674e-07,{},0.5853658536585366,0.8035714285714286,0.5294117647058824,0.6382978723404256,0.6199690402476781,0.2226224851429693,0.5953560371517028,27,11,40,45,ok,1.1970246999990195,1,undersample,Loan Approval
11,QSVC,quantum,LDA,default,491,123,3.00002284348011e-07,{},0.5772357723577236,0.7704918032786885,0.5529411764705883,0.6438356164383562,0.5922600619195046,0.17052349935064803,0.6086687306501548,24,14,38,47,ok,1.2305104999686591,1,undersample,Loan Approval
12,QSVC,quantum,LDA,default,491,123,3.00002284348011e-07,{},0.4796747967479675,0.7272727272727273,0.38095238095238093,0.5,0.5366300366300366,0.07112125495471922,0.5445665445665445,27,12,52,32,ok,1.2101820000098087,1,undersample,Loan Approval
13,QSVC,quantum,LDA,default,491,123,3.00002284348011e-07,{},0.4796747967479675,0.6724137931034483,0.4642857142857143,0.5492957746478874,0.48855311355311354,-0.021341190462426694,0.53998778998779,20,19,45,39,ok,1.3120530999731272,1,undersample,Loan Approval
14,QSVC,quantum,LDA,default,492,122,3.00002284348011e-07,{},0.5901639344262295,0.7931034482758621,0.5476190476190477,0.647887323943662,0.6159147869674186,0.2149791268384763,0.6585213032581454,26,12,38,46,ok,1.2617559999926016,1,undersample,Loan Approval
0,RandomForest,classical,LDA,default,491,123,1.00000761449337e-07,{},0.6504065040650406,0.8620689655172413,0.5882352941176471,0.6993006993006993,0.6888544891640866,0.3496132586911121,0.7865325077399381,30,8,35,50,ok,0.42004860000452027,1,undersample,Loan Approval
1,RandomForest,classical,LDA,default,491,123,2.00001522898674e-07,{},0.6910569105691057,0.8405797101449275,0.6823529411764706,0.7532467532467533,0.6964396284829721,0.3657959861171467,0.7786377708978329,27,11,27,58,ok,0.442049200006295,1,undersample,Loan Approval
2,RandomForest,classical,LDA,default,491,123,2.00001522898674e-07,{},0.6422764227642277,0.7857142857142857,0.6547619047619048,0.7142857142857143,0.63507326007326,0.25385420945415316,0.7263431013431013,24,15,29,55,ok,0.38012929999968037,1,undersample,Loan Approval
3,RandomForest,classical,LDA,default,491,123,2.00001522898674e-07,{},0.5691056910569106,0.7384615384615385,0.5714285714285714,0.6442953020134228,0.5677655677655677,0.12633984753756602,0.6428571428571429,22,17,36,48,ok,0.41329729999415576,1,undersample,Loan Approval
4,RandomForest,classical,LDA,default,492,122,1.00000761449337e-07,{},0.6147540983606558,0.7761194029850746,0.6190476190476191,0.6887417218543046,0.6121553884711779,0.20876747323468342,0.7531328320802004,23,15,32,52,ok,0.4403821000014432,1,undersample,Loan Approval
5,RandomForest,classical,LDA,default,491,123,2.00001522898674e-07,{},0.6422764227642277,0.8253968253968254,0.611764705882353,0.7027027027027027,0.6611455108359133,0.29792268161776553,0.7580495356037151,27,11,33,52,ok,0.4447613999946043,1,undersample,Loan Approval
6,RandomForest,classical,LDA,default,491,123,2.00001522898674e-07,{},0.6747967479674797,0.7848101265822784,0.7294117647058823,0.7560975609756098,0.6410216718266254,0.27187998163795013,0.7162538699690404,21,17,23,62,ok,0.44334910000907257,1,undersample,Loan Approval
7,RandomForest,classical,LDA,default,491,123,1.00000761449337e-07,{},0.6178861788617886,0.7605633802816901,0.6428571428571429,0.6967741935483871,0.6034798534798536,0.19495164366860385,0.6746031746031746,22,17,30,54,ok,0.4068867000169121,1,undersample,Loan Approval
8,RandomForest,classical,LDA,default,491,123,3.00002284348011e-07,{},0.5284552845528455,0.7321428571428571,0.4880952380952381,0.5857142857142857,0.5517399267399268,0.09669328986723554,0.6773504273504274,24,15,43,41,ok,0.4401833000010811,1,undersample,Loan Approval
9,RandomForest,classical,LDA,default,492,122,2.00001522898674e-07,{},0.6147540983606558,0.7534246575342466,0.6547619047619048,0.7006369426751592,0.5905388471177945,0.1710554544124574,0.7138157894736843,20,18,29,55,ok,0.46273510000901297,1,undersample,Loan Approval
10,RandomForest,classical,LDA,default,491,123,3.00002284348011e-07,{},0.6178861788617886,0.796875,0.6,0.6845637583892618,0.6289473684210527,0.23852161840019073,0.7212074303405573,25,13,34,51,ok,0.46553689998108894,1,undersample,Loan Approval
11,RandomForest,classical,LDA,default,491,123,3.00002284348011e-07,{},0.6178861788617886,0.7714285714285715,0.6352941176470588,0.6967741935483871,0.6071207430340557,0.19990234027985274,0.7275541795665634,22,16,31,54,ok,0.4618674000375904,1,undersample,Loan Approval
12,RandomForest,classical,LDA,default,491,123,3.00002284348011e-07,{},0.6829268292682927,0.7710843373493976,0.7619047619047619,0.7664670658682635,0.6373626373626373,0.27289873406088255,0.6941391941391941,20,19,20,64,ok,0.4210973999579437,1,undersample,Loan Approval
13,RandomForest,classical,LDA,default,491,123,3.00002284348011e-07,{},0.6666666666666666,0.8115942028985508,0.6666666666666666,0.7320261437908496,0.6666666666666666,0.31255702646612193,0.7557997557997558,26,13,28,56,ok,0.42179179994855076,1,undersample,Loan Approval
14,RandomForest,classical,LDA,default,492,122,3.00002284348011e-07,{},0.6475409836065574,0.8253968253968254,0.6190476190476191,0.7074829931972789,0.6647869674185464,0.3054133508716839,0.7584586466165414,27,11,32,52,ok,0.4472908999887295,1,undersample,Loan Approval
0,VQC,quantum,LDA,default,1200,10962,2.00001522898674e-07,{},0.6455938697318008,0.13286887285394378,0.5717344753747323,0.21562689279224712,0.6121037753818217,0.12989673932264711,0.6370667484362842,6543,3485,400,534,ok,26.147795299999416,1,smote,HR Promotion
1,VQC,quantum,LDA,default,1200,10962,2.00001522898674e-07,{},0.6829958036854589,0.14079728583545378,0.5331905781584583,0.2227689554909416,0.6150695611175219,0.13743751502749973,0.6313940879883222,6989,3039,436,498,ok,25.88187320000725,1,smote,HR Promotion
2,VQC,quantum,LDA,default,1200,10962,2.00001522898674e-07,{},0.6366538952745849,0.11551071878940732,0.49036402569593146,0.18697693406817717,0.570321621942501,0.08171879286019311,0.603591154617179,6521,3507,476,458,ok,26.648287300020456,1,smote,HR Promotion
3,VQC,quantum,LDA,default,1200,10961,1.00000761449337e-07,{},0.6217498403430344,0.11428571428571428,0.5101822079314041,0.18673989799921537,0.5711561219154428,0.08181935711341136,0.599687327786592,6339,3689,457,476,ok,26.405072000052314,1,smote,HR Promotion
4,VQC,quantum,LDA,default,1200,10961,3.00002284348011e-07,{},0.6292309095885412,0.12195121951219512,0.5412647374062165,0.19905400078833269,0.5893399873708386,0.10284402478352904,0.6062760070302617,6392,3636,428,505,ok,25.185318100033328,1,smote,HR Promotion
5,VQC,quantum,LDA,default,1200,10962,2.00001522898674e-07,{},0.6444991789819376,0.1206145966709347,0.5042826552462527,0.19466831990080596,0.5809207452537606,0.09435173538404538,0.601234103396998,6594,3434,463,471,ok,25.962532399978954,1,smote,HR Promotion
6,VQC,quantum,LDA,default,1200,10962,1.00000761449337e-07,{},0.6847290640394089,0.12846199175014733,0.4668094218415418,0.20147874306839186,0.5859176746224063,0.1037639820724825,0.6197600679553352,7070,2958,498,436,ok,26.44236980000278,1,smote,HR Promotion
7,VQC,quantum,LDA,default,1200,10962,3.00002284348011e-07,{},0.7517788724685276,0.16697726425642936,0.4796573875802998,0.24771910423002488,0.6283907201164363,0.16674197970848983,0.6683187503256407,7793,2235,486,448,ok,26.33498020004481,1,smote,HR Promotion
8,VQC,quantum,LDA,default,1200,10961,3.00002284348011e-07,{},0.7564090867621568,0.18058109599117322,0.5262593783494105,0.26889375684556405,0.6520407382373299,0.19647940801732816,0.7093282431913044,7800,2228,442,491,ok,26.40346080000745,1,smote,HR Promotion
9,VQC,quantum,LDA,default,1200,10961,2.00001522898674e-07,{},0.6433719551135846,0.1324110671936759,0.5744908896034298,0.21521782774543263,0.6121357519417229,0.12967867052452609,0.6162358472375955,6516,3512,397,536,ok,26.425064200011548,1,smote,HR Promotion
10,VQC,quantum,LDA,default,1200,10962,2.00001522898674e-07,{},0.71629264732713,0.15569620253164557,0.5267665952890792,0.24035173424523693,0.6303557747087598,0.1606920373849418,0.6498029286733762,7360,2668,442,492,ok,26.04051259998232,1,smote,HR Promotion
11,VQC,quantum,LDA,default,1200,10962,2.00001522898674e-07,{},0.671957671957672,0.13633879781420766,0.5342612419700214,0.217239878101872,0.6095219253328368,0.12967319433144844,0.6217109224791568,6867,3161,435,499,ok,25.86918350000633,1,smote,HR Promotion
12,VQC,quantum,LDA,default,1200,10962,2.00001522898674e-07,{},0.6759715380405036,0.12791358726549176,0.4817987152034261,0.20215633423180593,0.5879276783037474,0.10516836024199686,0.6297706357957888,6960,3068,484,450,ok,26.06868080003187,1,smote,HR Promotion
13,VQC,quantum,LDA,default,1200,10961,3.00002284348011e-07,{},0.7839613173980476,0.1809693196976434,0.4362272240085745,0.2558139534883721,0.6262707719564213,0.17451274693389876,0.6578591198663035,8186,1842,526,407,ok,26.40195989998756,1,smote,HR Promotion
14,VQC,quantum,LDA,default,1200,10961,3.00002284348011e-07,{},0.6260377702764346,0.13642627468994029,0.6366559485530546,0.2247020994893134,0.6308529044719801,0.1492502204611902,0.6704572320760178,6268,3760,339,594,ok,25.528661499964073,1,smote,HR Promotion
0,QSVC,quantum,LDA,default,1200,10962,1.00000761449337e-07,{},0.7759532931946725,0.1834442595673877,0.4721627408993576,0.26423007789095265,0.6382054231022516,0.18650149115715325,0.640155316719182,8065,1963,493,441,ok,57.788351299997885,1,smote,HR Promotion
1,QSVC,quantum,LDA,default,1200,10962,2.00001522898674e-07,{},0.6234263820470717,0.11536608863198458,0.512847965738758,0.18836020448289423,0.5732867670736072,0.08435948736670149,0.6042721173006802,6355,3673,455,479,ok,57.982859699986875,1,smote,HR Promotion
2,QSVC,quantum,LDA,default,1200,10962,1.00000761449337e-07,{},0.6301769750045612,0.11764705882352941,0.5139186295503212,0.19146390107698444,0.5774619075154876,0.08947699042752438,0.5922396945938951,6428,3600,454,480,ok,56.84585929999594,1,smote,HR Promotion
3,QSVC,quantum,LDA,default,1200,10961,2.00001522898674e-07,{},0.6834230453425783,0.13580246913580246,0.5069667738478028,0.21422101449275363,0.6034036102984526,0.12394933891450423,0.6063814459919514,7018,3010,460,473,ok,57.88748360000318,1,smote,HR Promotion
4,QSVC,quantum,LDA,default,1200,10961,2.00001522898674e-07,{},0.652312745187483,0.14007003501750875,0.6002143622722401,0.22713445548570269,0.6286871572031325,0.1492085104380886,0.6344182163468548,6590,3438,373,560,ok,56.2413155999966,1,smote,HR Promotion
5,QSVC,quantum,LDA,default,1200,10962,2.00001522898674e-07,{},0.7398284984491881,0.15228426395939088,0.44967880085653106,0.2275189599133261,0.608265806491289,0.13931309960407953,0.6162659435806722,7690,2338,514,420,ok,57.22266780002974,1,smote,HR Promotion
6,QSVC,quantum,LDA,default,1200,10962,2.00001522898674e-07,{},0.7559751870096698,0.1516606642657063,0.4057815845824411,0.2207981357413341,0.5971867635716354,0.1293517825038879,0.6088079715127408,7908,2120,555,379,ok,57.50053329998627,1,smote,HR Promotion
7,QSVC,quantum,LDA,default,1200,10962,2.00001522898674e-07,{},0.8086115672322569,0.1870967741935484,0.37259100642398285,0.24910522548317823,0.6109065921629288,0.16498447138741798,0.610380762558626,8516,1512,586,348,ok,57.71341379999649,1,smote,HR Promotion
8,QSVC,quantum,LDA,default,1200,10961,1.00000761449337e-07,{},0.6442842806313293,0.13544739429695182,0.5905680600214362,0.22035592881423716,0.6199250351961988,0.1385457549151805,0.6231257730231022,6511,3517,382,551,ok,57.786202499992214,1,smote,HR Promotion
9,QSVC,quantum,LDA,default,1200,10961,2.00001522898674e-07,{},0.7403521576498495,0.15778175313059034,0.47266881028938906,0.23658798283261803,0.6189630449532306,0.15233316240517594,0.6364484374084824,7674,2354,492,441,ok,57.64557959995,1,smote,HR Promotion
10,QSVC,quantum,LDA,default,1200,10962,2.00001522898674e-07,{},0.6977741288086116,0.1403084366495313,0.49678800856531047,0.21881631690639,0.6066409129384192,0.1297312957452315,0.6214841484528545,7185,2843,470,464,ok,57.57347090000985,1,smote,HR Promotion
11,QSVC,quantum,LDA,default,1200,10962,2.00001522898674e-07,{},0.7211275314723591,0.16140350877192983,0.5417558886509636,0.24870975669697715,0.6397949766350151,0.17273713921935324,0.6626887434669009,7399,2629,428,506,ok,56.704275899974164,1,smote,HR Promotion
12,QSVC,quantum,LDA,default,1200,10962,2.00001522898674e-07,{},0.7477650063856961,0.1676950998185118,0.49464668094218417,0.2504743833017078,0.6329934641248616,0.17119373866168636,0.6712962804788989,7735,2293,472,462,ok,57.325375799962785,1,smote,HR Promotion
13,QSVC,quantum,LDA,default,1200,10961,2.00001522898674e-07,{},0.7345132743362832,0.16205128205128205,0.5080385852090032,0.24572317262830481,0.6318114744952077,0.1663214640306619,0.6632836418157775,7577,2451,459,474,ok,56.66564549994655,1,smote,HR Promotion
14,QSVC,quantum,LDA,default,1200,10961,1.00000761449337e-07,{},0.7315026001277256,0.1574642126789366,0.49517684887459806,0.23894491854150504,0.6243335381189903,0.15673268960132272,0.6355848853649225,7556,2472,471,462,ok,57.02413550001802,1,smote,HR Promotion
0,RandomForest,classical,LDA,default,1200,10962,2.00001522898674e-07,{},0.6952198503922642,0.15486091195870375,0.5781584582441114,0.244288622483601,0.6421406571236512,0.17041088940420562,0.7199905041045671,7081,2947,394,540,ok,1.5328832999803126,1,smote,HR Promotion
1,RandomForest,classical,LDA,default,1200,10962,1.00000761449337e-07,{},0.7221309979930669,0.16066838046272494,0.5353319057815846,0.24715768660405338,0.6374306118457185,0.1701921222620921,0.6976027081345679,7416,2612,434,500,ok,1.5430787000223063,1,smote,HR Promotion
2,RandomForest,classical,LDA,default,1200,10962,2.00001522898674e-07,{},0.7209450830140486,0.16,0.5353319057815846,0.2463661000246366,0.6367824267639475,0.16917686265956364,0.6985660172929075,7403,2625,434,500,ok,1.590368999983184,1,smote,HR Promotion
3,RandomForest,classical,LDA,default,1200,10961,2.00001522898674e-07,{},0.6894443937596935,0.14198782961460446,0.5251875669882101,0.22354014598540145,0.6149571660230241,0.13814067725346718,0.6827396686918643,7067,2961,443,490,ok,1.6227596999960952,1,smote,HR Promotion
4,RandomForest,classical,LDA,default,1200,10961,2.00001522898674e-07,{},0.7273971352978743,0.1625615763546798,0.5305466237942122,0.248868778280543,0.6381293150881712,0.1721144357017203,0.7090399293553613,7478,2550,438,495,ok,1.5098456000559963,1,smote,HR Promotion
5,RandomForest,classical,LDA,default,1200,10962,2.00001522898674e-07,{},0.7155628534938879,0.1678832116788321,0.5910064239828694,0.26148744670772145,0.6590851824740833,0.19384898215431584,0.7224740747320777,7292,2736,382,552,ok,1.6012862999923527,1,smote,HR Promotion
6,RandomForest,classical,LDA,default,1200,10962,2.00001522898674e-07,{},0.7563400839262908,0.1883745963401507,0.5620985010706638,0.28218220908357966,0.6682650463071708,0.2157705361760079,0.7329876239463122,7766,2262,409,525,ok,1.4054374000406824,1,smote,HR Promotion
7,RandomForest,classical,LDA,default,1200,10962,3.00002284348011e-07,{},0.6734172596241562,0.14009793253536454,0.5513918629550322,0.22342733188720174,0.6180872358253422,0.1396629523537848,0.6710643816158439,6867,3161,419,515,ok,1.6742116999812424,1,smote,HR Promotion
8,RandomForest,classical,LDA,default,1200,10961,3.00002284348011e-07,{},0.6755770458899736,0.14582770726438024,0.5787781350482315,0.23295944779982744,0.6316806510901309,0.15538697332517423,0.6981164422361226,6865,3163,393,540,ok,1.5588978999876417,1,smote,HR Promotion
9,RandomForest,classical,LDA,default,1200,10961,2.00001522898674e-07,{},0.6562357449137852,0.14677298778968353,0.6312968917470525,0.2381722604124545,0.6449264674132151,0.16790406158843516,0.7087756104985357,6604,3424,344,589,ok,1.5360043999971822,1,smote,HR Promotion
10,RandomForest,classical,LDA,default,1200,10962,4.00003045797348e-07,{},0.6793468345192483,0.1449793672627235,0.5642398286937902,0.2306850514335741,0.6271538194127109,0.15080811201104902,0.6917272963325813,6920,3108,407,527,ok,1.723747399984859,1,smote,HR Promotion
11,RandomForest,classical,LDA,default,1200,10962,3.00002284348011e-07,{},0.6817186644772851,0.15370018975332067,0.607066381156317,0.24529526281635303,0.6478690501712977,0.17473373420311678,0.7141903633423844,6906,3122,367,567,ok,1.6603956000180915,1,smote,HR Promotion
12,RandomForest,classical,LDA,default,1200,10962,2.00001522898674e-07,{},0.689290275497172,0.14906303236797275,0.5620985010706638,0.23563734290843807,0.6316176589916542,0.15737785248910627,0.6998074022287916,7031,2997,409,525,ok,1.6623451000195928,1,smote,HR Promotion
13,RandomForest,classical,LDA,default,1200,10961,4.00003045797348e-07,{},0.6781315573396588,0.14789687924016282,0.5841371918542336,0.2360329146816804,0.6355069684839576,0.16009380191453418,0.7035556070013609,6888,3140,388,545,ok,1.6181896000052802,1,smote,HR Promotion
14,RandomForest,classical,LDA,default,1200,10961,3.00002284348011e-07,{},0.6692819998175349,0.1478283621140764,0.6055734190782422,0.23764458464773922,0.6403914163600226,0.16441994679916722,0.7135165694682969,6771,3257,368,565,ok,1.729791399964597,1,smote,HR Promotion
0,VQC,quantum,LDA,default,491,123,2.00001522898674e-07,{},0.5528455284552846,0.734375,0.5529411764705883,0.6308724832214765,0.5527863777089783,0.09764210309059429,0.6241486068111456,21,17,38,47,ok,8.146814499981701,1,smote,Loan Approval
1,VQC,quantum,LDA,default,491,123,9.994255378842354e-08,{},0.6097560975609756,0.7126436781609196,0.7294117647058823,0.7209302325581395,0.5357585139318886,0.07262729045926761,0.5386996904024767,13,25,23,62,ok,7.723076299997047,1,smote,Loan Approval
2,VQC,quantum,LDA,default,491,123,2.00001522898674e-07,{},0.6747967479674797,0.782051282051282,0.7261904761904762,0.7530864197530864,0.6451465201465201,0.2804497209122132,0.7206959706959707,22,17,23,61,ok,8.174063899961766,1,smote,Loan Approval
3,VQC,quantum,LDA,default,491,123,1.00000761449337e-07,{},0.6178861788617886,0.8032786885245902,0.5833333333333334,0.6758620689655173,0.6378205128205128,0.25653997112173926,0.6037851037851037,27,12,35,49,ok,8.025518799957354,1,smote,Loan Approval
4,VQC,quantum,LDA,default,492,122,2.00001522898674e-07,{},0.5081967213114754,0.6764705882352942,0.5476190476190477,0.6052631578947368,0.4843358395989975,-0.029209035893578903,0.4984335839598998,16,22,38,46,ok,7.727266000001691,1,smote,Loan Approval
5,VQC,quantum,LDA,default,491,123,1.00000761449337e-07,{},0.4634146341463415,0.6557377049180327,0.47058823529411764,0.547945205479452,0.4589783281733746,-0.07582001229517069,0.4535603715170279,17,21,45,40,ok,7.878484699991532,1,smote,Loan Approval
6,VQC,quantum,LDA,default,491,123,1.00000761449337e-07,{},0.5691056910569106,0.6818181818181818,0.7058823529411765,0.6936416184971098,0.48452012383900933,-0.031704680469935284,0.6170278637770897,10,28,25,60,ok,7.748938600008842,1,smote,Loan Approval
7,VQC,quantum,LDA,default,491,123,2.00001522898674e-07,{},0.5691056910569106,0.7627118644067796,0.5357142857142857,0.6293706293706294,0.5883699633699634,0.16462304268171063,0.6297313797313797,25,14,39,45,ok,7.89256559999194,1,smote,Loan Approval
8,VQC,quantum,LDA,default,491,123,2.00001522898674e-07,{},0.5447154471544715,0.6842105263157895,0.6190476190476191,0.65,0.5018315018315018,0.0035079514523364765,0.5402930402930403,15,24,32,52,ok,7.941792500030715,1,smote,Loan Approval
9,VQC,quantum,LDA,default,492,122,4.00003045797348e-07,{},0.5901639344262295,0.7125,0.6785714285714286,0.6951219512195121,0.5366541353383458,0.07145206380593037,0.580827067669173,15,23,27,57,ok,7.900435700023081,1,smote,Loan Approval
10,VQC,quantum,LDA,default,491,123,5.00003807246685e-07,{},0.6178861788617886,0.7794117647058824,0.6235294117647059,0.6928104575163399,0.6143962848297213,0.21262159715582304,0.6269349845201239,23,15,32,53,ok,7.975595199968666,1,smote,Loan Approval
11,VQC,quantum,LDA,default,491,123,3.00002284348011e-07,{},0.5691056910569106,0.6702127659574468,0.7411764705882353,0.7039106145251397,0.4626934984520124,-0.08121810564502932,0.6498452012383902,7,31,22,63,ok,6.978673799952958,1,smote,Loan Approval
12,VQC,quantum,LDA,default,491,123,2.00001522898674e-07,{},0.5365853658536586,0.7368421052631579,0.5,0.5957446808510638,0.5576923076923077,0.10767390346971883,0.5656288156288156,24,15,42,42,ok,7.925239700009115,1,smote,Loan Approval
13,VQC,quantum,LDA,default,491,123,2.00001522898674e-07,{},0.5528455284552846,0.7230769230769231,0.5595238095238095,0.6308724832214765,0.548992673992674,0.09134029517918625,0.5885225885225884,21,18,37,47,ok,7.7979325000196695,1,smote,Loan Approval
14,VQC,quantum,LDA,default,492,122,2.00001522898674e-07,{},0.6967213114754098,0.8615384615384616,0.6666666666666666,0.7516778523489933,0.7149122807017544,0.3989592730477298,0.7666040100250626,29,9,28,56,ok,7.892754600034095,1,smote,Loan Approval
0,QSVC,quantum,LDA,default,491,123,1.00000761449337e-07,{},0.5691056910569106,0.7352941176470589,0.5882352941176471,0.6535947712418301,0.5572755417956656,0.10645465622145403,0.5860681114551084,20,18,35,50,ok,1.8673462999868207,1,smote,Loan Approval
1,QSVC,quantum,LDA,default,491,123,2.00001522898674e-07,{},0.5365853658536586,0.6794871794871795,0.6235294117647059,0.6503067484662577,0.4828173374613003,-0.032966144610522184,0.6356037151702787,13,25,32,53,ok,1.9577191999997012,1,smote,Loan Approval
2,QSVC,quantum,LDA,default,491,123,2.00001522898674e-07,{},0.6178861788617886,0.7605633802816901,0.6428571428571429,0.6967741935483871,0.6034798534798536,0.19495164366860385,0.6394993894993894,22,17,30,54,ok,1.9655358000309207,1,smote,Loan Approval
3,QSVC,quantum,LDA,default,491,123,3.00002284348011e-07,{},0.5772357723577236,0.7285714285714285,0.6071428571428571,0.6623376623376623,0.559981684981685,0.11272847945252226,0.5763125763125764,20,19,33,51,ok,2.201639700040687,1,smote,Loan Approval
4,QSVC,quantum,LDA,default,492,122,3.00002284348011e-07,{},0.47540983606557374,0.625,0.5952380952380952,0.6097560975609756,0.40288220551378445,-0.18931743401571297,0.4727443609022557,8,30,34,50,ok,2.1976772000198252,1,smote,Loan Approval
5,QSVC,quantum,LDA,default,491,123,2.00001522898674e-07,{},0.5691056910569106,0.75,0.5647058823529412,0.6442953020134228,0.5718266253869969,0.1328619819179934,0.6167182662538699,22,16,37,48,ok,1.9184857999789529,1,smote,Loan Approval
6,QSVC,quantum,LDA,default,491,123,2.00001522898674e-07,{},0.5284552845528455,0.7142857142857143,0.5294117647058824,0.6081081081081081,0.5278637770897833,0.05151400834889318,0.554953560371517,20,18,40,45,ok,2.0378315999987535,1,smote,Loan Approval
7,QSVC,quantum,LDA,default,491,123,3.00002284348011e-07,{},0.5284552845528455,0.6585365853658537,0.6428571428571429,0.6506024096385542,0.4624542124542125,-0.07412493166611012,0.5656288156288156,11,28,30,54,ok,2.0726979000028223,1,smote,Loan Approval
8,QSVC,quantum,LDA,default,491,123,1.00000761449337e-07,{},0.6097560975609756,0.75,0.6428571428571429,0.6923076923076923,0.5906593406593407,0.1712628481442854,0.6822344322344323,21,18,30,54,ok,2.0237616999656893,1,smote,Loan Approval
9,QSVC,quantum,LDA,default,492,122,3.00002284348011e-07,{},0.5491803278688525,0.6705882352941176,0.6785714285714286,0.6745562130177515,0.4708646616541353,-0.058704470880191574,0.6112155388471178,10,28,27,57,ok,2.1868647999945097,1,smote,Loan Approval
10,QSVC,quantum,LDA,default,491,123,1.00000761449337e-07,{},0.6097560975609756,0.7681159420289855,0.6235294117647059,0.6883116883116883,0.6012383900928793,0.18851897156864772,0.5910216718266255,22,16,32,53,ok,2.1666889999760315,1,smote,Loan Approval
11,QSVC,quantum,LDA,default,491,123,1.00000761449337e-07,{},0.6747967479674797,0.7647058823529411,0.7647058823529411,0.7647058823529411,0.6191950464396284,0.23839009287925697,0.660061919504644,18,20,20,65,ok,2.0980612999992445,1,smote,Loan Approval
12,QSVC,quantum,LDA,default,491,123,3.00002284348011e-07,{},0.5447154471544715,0.7413793103448276,0.5119047619047619,0.6056338028169014,0.5636446886446886,0.11865701897109242,0.563949938949939,24,15,41,43,ok,2.1016488000168465,1,smote,Loan Approval
13,QSVC,quantum,LDA,default,491,123,3.00002284348011e-07,{},0.5365853658536586,0.7213114754098361,0.5238095238095238,0.6068965517241379,0.543956043956044,0.08182005723484044,0.5760073260073261,22,17,40,44,ok,2.173315200023353,1,smote,Loan Approval
14,QSVC,quantum,LDA,default,492,122,3.00002284348011e-07,{},0.6229508196721312,0.796875,0.6071428571428571,0.6891891891891891,0.6325187969924813,0.24577343419642023,0.6484962406015038,25,13,33,51,ok,1.9751716000027955,1,smote,Loan Approval
0,RandomForest,classical,LDA,default,491,123,2.00001522898674e-07,{},0.5934959349593496,0.7777777777777778,0.5764705882352941,0.6621621621621622,0.6040247678018575,0.19231896450253452,0.6681114551083591,24,14,36,49,ok,0.46052020002389327,1,smote,Loan Approval
1,RandomForest,classical,LDA,default,491,123,2.00001522898674e-07,{},0.6991869918699187,0.8243243243243243,0.7176470588235294,0.7672955974842768,0.6877708978328174,0.3544423765215521,0.7410216718266254,25,13,24,61,ok,0.500714700028766,1,smote,Loan Approval
2,RandomForest,classical,LDA,default,491,123,3.00002284348011e-07,{},0.6829268292682927,0.8,0.7142857142857143,0.7547169811320755,0.6648351648351649,0.3144854510165755,0.7387057387057387,24,15,24,60,ok,0.5392163000069559,1,smote,Loan Approval
3,RandomForest,classical,LDA,default,491,123,2.00001522898674e-07,{},0.6991869918699187,0.7974683544303798,0.75,0.7730061349693251,0.6698717948717949,0.3298248198525104,0.7464896214896215,23,16,21,63,ok,0.5091866999864578,1,smote,Loan Approval
4,RandomForest,classical,LDA,default,492,122,2.00001522898674e-07,{},0.6229508196721312,0.7794117647058824,0.6309523809523809,0.6973684210526315,0.6181077694235588,0.2202361306375849,0.7072368421052632,23,15,31,53,ok,0.5459029999910854,1,smote,Loan Approval
5,RandomForest,classical,LDA,default,491,123,2.00001522898674e-07,{},0.6910569105691057,0.7974683544303798,0.7411764705882353,0.7682926829268293,0.660061919504644,0.3085882557778709,0.7111455108359133,22,16,22,63,ok,0.4998881999636069,1,smote,Loan Approval
6,RandomForest,classical,LDA,default,491,123,2.00001522898674e-07,{},0.6585365853658537,0.7866666666666666,0.6941176470588235,0.7375,0.6365325077399381,0.25865213858108665,0.7320433436532507,22,16,26,59,ok,0.49773120001191273,1,smote,Loan Approval
7,RandomForest,classical,LDA,default,491,123,3.00002284348011e-07,{},0.7317073170731707,0.8493150684931506,0.7380952380952381,0.7898089171974523,0.7280219780219781,0.4320482184942084,0.8282967032967034,28,11,22,62,ok,0.5768969999626279,1,smote,Loan Approval
8,RandomForest,classical,LDA,default,491,123,3.00002284348011e-07,{},0.6341463414634146,0.8,0.6190476190476191,0.697986577181208,0.6428571428571428,0.26633805697108515,0.70497557997558,26,13,32,52,ok,0.49486370000522584,1,smote,Loan Approval
9,RandomForest,classical,LDA,default,492,122,3.00002284348011e-07,{},0.6475409836065574,0.7733333333333333,0.6904761904761905,0.7295597484276729,0.6215538847117794,0.231339993612718,0.7178884711779449,21,17,26,58,ok,0.5546972000156529,1,smote,Loan Approval
10,RandomForest,classical,LDA,default,491,123,4.00003045797348e-07,{},0.5934959349593496,0.7868852459016393,0.5647058823529412,0.6575342465753424,0.6113003095975232,0.205715429585765,0.6936532507739939,25,13,37,48,ok,0.5404668999835849,1,smote,Loan Approval
11,RandomForest,classical,LDA,default,491,123,4.00003045797348e-07,{},0.6829268292682927,0.7804878048780488,0.7529411764705882,0.7664670658682635,0.6396284829721361,0.2737199309863917,0.6760061919504643,20,18,21,64,ok,0.5220139999873936,1,smote,Loan Approval
12,RandomForest,classical,LDA,default,491,123,3.00002284348011e-07,{},0.6991869918699187,0.8615384615384616,0.6666666666666666,0.7516778523489933,0.717948717948718,0.4063362664046043,0.8118131868131868,30,9,28,56,ok,0.565989900031127,1,smote,Loan Approval
13,RandomForest,classical,LDA,default,491,123,2.00001522898674e-07,{},0.6585365853658537,0.7837837837837838,0.6904761904761905,0.7341772151898734,0.6401098901098901,0.2663525351568656,0.6605616605616607,23,16,26,58,ok,0.5395367000019178,1,smote,Loan Approval
14,RandomForest,classical,LDA,default,492,122,3.00002284348011e-07,{},0.6721311475409836,0.8235294117647058,0.6666666666666666,0.7368421052631579,0.6754385964912281,0.3271412020080837,0.7600250626566416,26,12,28,56,ok,0.583959000010509,1,smote,Loan Approval
0,VQC,quantum,LDA,default,1200,10962,2.00001522898674e-07,{},0.9251961320926838,0.6454081632653061,0.2708779443254818,0.3815987933634992,0.6285083778268813,0.3864217035205733,0.7380686326679302,9889,139,681,253,ok,14.499646699987352,1,none,HR Promotion
1,VQC,quantum,LDA,default,1200,10962,2.00001522898674e-07,{},0.9293012224046707,0.7849462365591398,0.23447537473233404,0.36108821104699096,0.6142460639118391,0.4050448614859334,0.7261745805534653,9968,60,715,219,ok,13.742569800000638,1,none,HR Promotion
2,VQC,quantum,LDA,default,1200,10962,3.00002284348011e-07,{},0.9323116219667944,0.7341463414634146,0.3222698072805139,0.4479166666666667,0.6557001210315613,0.4581843245241044,0.75514277368123,9919,109,633,301,ok,13.624258499999996,1,none,HR Promotion
3,VQC,quantum,LDA,default,1200,10961,2.00001522898674e-07,{},0.9219961682328255,0.5970149253731343,0.2572347266881029,0.3595505617977528,0.6205399800173661,0.35791893445479406,0.7307908702364355,9866,162,693,240,ok,13.891921399976127,1,none,HR Promotion
4,VQC,quantum,LDA,default,1200,10961,2.00001522898674e-07,{},0.9252805400967065,0.6601123595505618,0.25187566988210075,0.3646237393328161,0.6199047276414891,0.37751477342502937,0.7469170994313458,9907,121,698,235,ok,13.69912960001966,1,none,HR Promotion
5,VQC,quantum,LDA,default,1200,10962,2.00001522898674e-07,{},0.9112388250319284,0.46919431279620855,0.31798715203426126,0.37906828334396936,0.6422404846728945,0.3404887963173806,0.74023013933577,9692,336,637,297,ok,14.217790400027297,1,none,HR Promotion
6,VQC,quantum,LDA,default,1200,10962,3.00002284348011e-07,{},0.9260171501550812,0.6752136752136753,0.25374732334047106,0.3688715953307393,0.6211895771070125,0.3843652802605593,0.7205743618083499,9914,114,697,237,ok,13.924655599985272,1,none,HR Promotion
7,VQC,quantum,LDA,default,1200,10962,2.00001522898674e-07,{},0.9158000364896917,0.5168195718654435,0.1809421841541756,0.26804123711340205,0.5825931503140244,0.2710890680183305,0.7311982017801975,9870,158,765,169,ok,13.948030899977311,1,none,HR Promotion
8,VQC,quantum,LDA,default,1200,10961,2.00001522898674e-07,{},0.9261928656144512,0.7440944881889764,0.20257234726688103,0.3184498736310025,0.5980452482245853,0.36370876808746644,0.7292322119715386,9963,65,744,189,ok,14.116443399980199,1,none,HR Promotion
9,VQC,quantum,LDA,default,1200,10961,4.00003045797348e-07,{},0.9206276799562084,0.5714285714285714,0.27009646302250806,0.36681222707423583,0.6256246176301212,0.3568005937570688,0.7308520601052316,9839,189,681,252,ok,13.946562699973583,1,none,HR Promotion
10,VQC,quantum,LDA,default,1200,10962,3.00002284348011e-07,{},0.9199963510308338,0.5575757575757576,0.2955032119914347,0.38628411476557034,0.6368321803874206,0.36794688642168577,0.7405562604578699,9809,219,658,276,ok,13.233561199973337,1,none,HR Promotion
11,VQC,quantum,LDA,default,1200,10962,4.00003045797348e-07,{},0.9273855135924102,0.7429577464788732,0.2259100642398287,0.3464696223316913,0.6093152235838154,0.3842263237546373,0.704271241807735,9955,73,723,211,ok,14.044989300018642,1,none,HR Promotion
12,VQC,quantum,LDA,default,1200,10962,3.00002284348011e-07,{},0.9160737091771575,0.5122377622377622,0.31370449678800855,0.3891102257636122,0.6429411993313796,0.35889072098770364,0.7492049029313212,9749,279,641,293,ok,13.804870300053153,1,none,HR Promotion
13,VQC,quantum,LDA,default,1200,10961,2.00001522898674e-07,{},0.921722470577502,0.5894988066825776,0.2647374062165059,0.36538461538461536,0.623792715872513,0.3603334283312879,0.7345374003166268,9856,172,686,247,ok,13.60764519998338,1,none,HR Promotion
14,VQC,quantum,LDA,default,1200,10961,3.00002284348011e-07,{},0.9271051911321959,0.6871508379888268,0.26366559485530544,0.38109992254066616,0.6262484336462407,0.3964131792584048,0.7433281132229543,9916,112,687,246,ok,14.275054599973373,1,none,HR Promotion
0,QSVC,quantum,LDA,default,1200,10962,1.00000761449337e-07,{},0.9295748950921364,0.9402173913043478,0.18522483940042828,0.3094812164579606,0.592063955400254,0.40014945074462954,0.627504069974521,10017,11,761,173,ok,55.36634279997088,1,none,HR Promotion
1,QSVC,quantum,LDA,default,1200,10962,2.00001522898674e-07,{},0.9227330779054917,0.9065420560747663,0.10385438972162742,0.18635926993275698,0.5514285909517591,0.29208443836200976,0.6509276701894224,10018,10,837,97,ok,56.25521889998345,1,none,HR Promotion
2,QSVC,quantum,LDA,default,1200,10962,1.00000761449337e-07,{},0.9217296113847838,0.6417910447761194,0.1841541755888651,0.28618968386023297,0.5872904902675079,0.31560221476245126,0.6124060873665087,9932,96,762,172,ok,56.011673100001644,1,none,HR Promotion
3,QSVC,quantum,LDA,default,1200,10961,2.00001522898674e-07,{},0.9273788887875194,0.8870056497175142,0.1682743837084673,0.2828828828828829,0.5831399840361243,0.36813858964646035,0.652201061037669,10008,20,776,157,ok,56.778046899999026,1,none,HR Promotion
4,QSVC,quantum,LDA,default,1200,10961,1.00000761449337e-07,{},0.9215400054739531,0.792,0.10610932475884244,0.18714555765595464,0.5517582922158791,0.2720623303476559,0.6129795842808411,10002,26,834,99,ok,56.06353769998532,1,none,HR Promotion
5,QSVC,quantum,LDA,default,1200,10962,2.00001522898674e-07,{},0.9324940704251049,0.970873786407767,0.21413276231263384,0.3508771929824561,0.6067672188108841,0.4390252707027916,0.6227534530722969,10022,6,734,200,ok,57.14783140004147,1,none,HR Promotion
6,QSVC,quantum,LDA,default,1200,10962,2.00001522898674e-07,{},0.9262908228425469,0.815,0.1745182012847966,0.2874779541446208,0.5854142661788961,0.35635226111385604,0.6467085949491318,9991,37,771,163,ok,56.55576800002018,1,none,HR Promotion
7,QSVC,quantum,LDA,default,1200,10962,2.00001522898674e-07,{},0.9304871373836892,0.9942528735632183,0.18522483940042828,0.31227436823104693,0.5925625593093087,0.4135241308642776,0.6182608396703363,10027,1,761,173,ok,55.88339760003146,1,none,HR Promotion
8,QSVC,quantum,LDA,default,1200,10961,2.00001522898674e-07,{},0.9148800291944166,0.0,0.0,0.0,0.5,0.0,0.6548554187610169,10028,0,933,0,ok,56.99598369997693,1,none,HR Promotion
9,QSVC,quantum,LDA,default,1200,10961,3.00002284348011e-07,{},0.9325791442386644,0.9110169491525424,0.2304394426580922,0.3678357570573139,0.6141726531200313,0.43902112821046146,0.641745769936354,10007,21,718,215,ok,56.33639169996604,1,none,HR Promotion
10,QSVC,quantum,LDA,default,1200,10962,2.00001522898674e-07,{},0.9272942893632549,0.8512820512820513,0.1777301927194861,0.2940655447298494,0.5874191450234846,0.3692771955245482,0.6081495367574645,9999,29,768,166,ok,56.52671200002078,1,none,HR Promotion
11,QSVC,quantum,LDA,default,1200,10962,3.00002284348011e-07,{},0.9336799854041233,0.8819188191881919,0.2558886509635974,0.3966804979253112,0.6263487929728239,0.45434722891396395,0.6452129433731163,9996,32,695,239,ok,56.80627869995078,1,none,HR Promotion
12,QSVC,quantum,LDA,default,1200,10962,2.00001522898674e-07,{},0.928388980113118,0.9116022099447514,0.1766595289079229,0.29596412556053814,0.587531998199474,0.3835382026543894,0.6535970161492148,10012,16,769,165,ok,56.94745729997521,1,none,HR Promotion
13,QSVC,quantum,LDA,default,1200,10961,2.00001522898674e-07,{},0.918803028920719,0.5877551020408164,0.15434083601286175,0.24448217317487267,0.5721345185249789,0.27234645264413004,0.6543575630250305,9927,101,789,144,ok,56.53797899995698,1,none,HR Promotion
14,QSVC,quantum,LDA,default,1200,10961,1.00000761449337e-07,{},0.9148800291944166,0.0,0.0,0.0,0.5,0.0,0.4929762581171434,10028,0,933,0,ok,54.84997820004355,1,none,HR Promotion
0,RandomForest,classical,LDA,default,1200,10962,1.00000761449337e-07,{},0.8874293012224047,0.34407484407484407,0.354389721627409,0.3491561181434599,0.6457329541523562,0.28759466733982153,0.7025776967958667,9397,631,603,331,ok,1.1294985999702476,1,none,HR Promotion
1,RandomForest,classical,LDA,default,1200,10962,2.00001522898674e-07,{},0.8958219303046889,0.3841870824053452,0.3693790149892934,0.37663755458515286,0.6571167113239247,0.31989650419691323,0.7072788803769147,9475,553,589,345,ok,1.0107901999726892,1,none,HR Promotion
2,RandomForest,classical,LDA,default,1200,10962,2.00001522898674e-07,{},0.8912607188469257,0.36506276150627615,0.37366167023554603,0.3693121693121693,0.656565577838156,0.3098472786886441,0.6989574266998869,9421,607,585,349,ok,1.0828305999748409,1,none,HR Promotion
3,RandomForest,classical,LDA,default,1200,10961,2.00001522898674e-07,{},0.8851382173159383,0.32166301969365424,0.31511254019292606,0.31835408770979967,0.626642827735075,0.25566264652246146,0.7004246630335382,9408,620,639,294,ok,1.0942861000075936,1,none,HR Promotion
4,RandomForest,classical,LDA,default,1200,10961,2.00001522898674e-07,{},0.8924368214578962,0.36802575107296137,0.36763129689174706,0.367828418230563,0.6544478782025548,0.3090460198133534,0.7089084112181496,9439,589,590,343,ok,0.9816148999962024,1,none,HR Promotion
5,RandomForest,classical,LDA,default,1200,10962,1.00000761449337e-07,{},0.889618682722131,0.36088709677419356,0.38329764453961457,0.37175493250259606,0.6600373344357426,0.31147879822586133,0.712973855218237,9394,634,576,358,ok,1.045590199995786,1,none,HR Promotion
6,RandomForest,classical,LDA,default,1200,10962,2.00001522898674e-07,{},0.8856048166392994,0.3319327731092437,0.33832976445396146,0.33510074231177095,0.6374536736111052,0.2725407425597098,0.679274476860935,9392,636,618,316,ok,1.0078069000155665,1,none,HR Promotion
7,RandomForest,classical,LDA,default,1200,10962,2.00001522898674e-07,{},0.8865170589308521,0.315035799522673,0.2826552462526767,0.2979683972911964,0.6127077587466017,0.23684615164341524,0.6911449333728515,9454,574,670,264,ok,1.0180255000013858,1,none,HR Promotion
8,RandomForest,classical,LDA,default,1200,10961,3.00002284348011e-07,{},0.8815801477967339,0.3158425832492432,0.3354769560557342,0.32536382536382535,0.633933132993962,0.2606643279758394,0.7055253863672607,9350,678,620,313,ok,1.0742180999950506,1,none,HR Promotion
9,RandomForest,classical,LDA,default,1200,10961,3.00002284348011e-07,{},0.8943527050451601,0.3756906077348066,0.36441586280814575,0.36996735582154516,0.6540368105424853,0.31236730874429575,0.7166844945620644,9463,565,593,340,ok,1.007270999951288,1,none,HR Promotion
10,RandomForest,classical,LDA,default,1200,10962,2.00001522898674e-07,{},0.90311986863711,0.4193954659949622,0.35653104925053536,0.3854166666666667,0.6552798844178485,0.3345012735110806,0.7002761646405056,9567,461,601,333,ok,1.0422148000216112,1,none,HR Promotion
11,RandomForest,classical,LDA,default,1200,10962,5.00003807246685e-07,{},0.8914431673052363,0.37122736418511065,0.3950749464668094,0.38278008298755184,0.6663747289174893,0.3235197143342229,0.7080496344710185,9403,625,565,369,ok,1.0571155999787152,1,none,HR Promotion
12,RandomForest,classical,LDA,default,1200,10962,5.00003807246685e-07,{},0.8916256157635468,0.351981351981352,0.3233404710920771,0.33705357142857145,0.6339478582026001,0.2784556648033484,0.6780603710040154,9472,556,632,302,ok,1.0565251999651082,1,none,HR Promotion
13,RandomForest,classical,LDA,default,1200,10961,3.00002284348011e-07,{},0.8935316120791899,0.3645833333333333,0.33762057877813506,0.35058430717863104,0.6414369347819674,0.29294613099817585,0.6870635746170101,9479,549,618,315,ok,0.9882734999991953,1,none,HR Promotion
14,RandomForest,classical,LDA,default,1200,10961,1.00000761449337e-07,{},0.8942614724933856,0.38054968287526425,0.3858520900321543,0.38318254390633316,0.6637078559454749,0.3253692122323777,0.7163659331577906,9442,586,573,360,ok,1.0274854999734089,1,none,HR Promotion
0,VQC,quantum,LDA,default,491,123,2.00001522898674e-07,{},0.7317073170731707,0.7321428571428571,0.9647058823529412,0.8324873096446701,0.5876160990712074,0.28373297784717416,0.701547987616099,8,30,3,82,ok,5.346741800021846,1,none,Loan Approval
1,VQC,quantum,LDA,default,491,123,1.00000761449337e-07,{},0.7235772357723578,0.7802197802197802,0.8352941176470589,0.8068181818181818,0.6544891640866873,0.325412023017365,0.7157894736842105,18,20,14,71,ok,5.796855200023856,1,none,Loan Approval
2,VQC,quantum,LDA,default,491,123,1.00000761449337e-07,{},0.6747967479674797,0.7340425531914894,0.8214285714285714,0.7752808988764045,0.5902014652014652,0.19776644579643365,0.6730769230769231,14,25,15,69,ok,5.676110600004904,1,none,Loan Approval
3,VQC,quantum,LDA,default,491,123,2.00001522898674e-07,{},0.8048780487804879,0.7830188679245284,0.9880952380952381,0.8736842105263158,0.6991758241758241,0.5371074443955691,0.6971916971916972,16,23,1,83,ok,5.509331499983091,1,none,Loan Approval
4,VQC,quantum,LDA,default,492,122,1.00000761449337e-07,{},0.7049180327868853,0.74,0.8809523809523809,0.8043478260869565,0.5983709273182958,0.23698281939240337,0.6647869674185464,12,26,10,74,ok,5.980334100022446,1,none,Loan Approval
5,VQC,quantum,LDA,default,491,123,2.00001522898674e-07,{},0.7235772357723578,0.7217391304347827,0.9764705882352941,0.83,0.5671826625386996,0.25176453605025323,0.7040247678018574,6,32,2,83,ok,5.7623863000189885,1,none,Loan Approval
6,VQC,quantum,LDA,default,491,123,5.00003807246685e-07,{},0.7560975609756098,0.7777777777777778,0.9058823529411765,0.8369565217391305,0.6634674922600619,0.38118819179573166,0.6832817337461301,16,22,8,77,ok,5.827236199984327,1,none,Loan Approval
7,VQC,quantum,LDA,default,491,123,4.00003045797348e-07,{},0.6747967479674797,0.7558139534883721,0.7738095238095238,0.7647058823529411,0.6176739926739927,0.23879891205156992,0.6733821733821734,18,21,19,65,ok,5.731846600014251,1,none,Loan Approval
8,VQC,quantum,LDA,default,491,123,3.00002284348011e-07,{},0.7642276422764228,0.7619047619047619,0.9523809523809523,0.8465608465608465,0.6556776556776557,0.40991831524815076,0.6901709401709402,14,25,4,80,ok,5.928057600045577,1,none,Loan Approval
9,VQC,quantum,LDA,default,492,122,5.00003807246685e-07,{},0.7540983606557377,0.7368421052631579,1.0,0.8484848484848485,0.6052631578947368,0.39385867229199384,0.6889097744360902,8,30,0,84,ok,5.885277799970936,1,none,Loan Approval
10,VQC,quantum,LDA,default,491,123,5.00003807246685e-07,{},0.7317073170731707,0.7653061224489796,0.8823529411764706,0.819672131147541,0.6385448916408669,0.31815498471794884,0.7402476780185758,15,23,10,75,ok,5.4106291999924,1,none,Loan Approval
11,VQC,quantum,LDA,default,491,123,3.00002284348011e-07,{},0.7642276422764228,0.7456140350877193,1.0,0.8542713567839196,0.618421052631579,0.4202294584913503,0.6046439628482972,9,29,0,85,ok,5.713453300006222,1,none,Loan Approval
12,VQC,quantum,LDA,default,491,123,3.00002284348011e-07,{},0.7560975609756098,0.7454545454545455,0.9761904761904762,0.845360824742268,0.6291208791208791,0.39086825304638095,0.6404151404151404,11,28,2,82,ok,5.706203299982008,1,none,Loan Approval
13,VQC,quantum,LDA,default,491,123,2.00001522898674e-07,{},0.6829268292682927,0.7368421052631579,0.8333333333333334,0.7821229050279329,0.5961538461538461,0.21341639745917707,0.7185592185592186,14,25,14,70,ok,5.698798900004476,1,none,Loan Approval
14,VQC,quantum,LDA,default,492,122,2.00001522898674e-07,{},0.7950819672131147,0.780952380952381,0.9761904761904762,0.8677248677248677,0.6854636591478697,0.4960222417881545,0.7211779448621555,15,23,2,82,ok,5.984913699969184,1,none,Loan Approval
0,QSVC,quantum,LDA,default,491,123,3.00002284348011e-07,{},0.7642276422764228,0.75,0.9882352941176471,0.8527918781725888,0.6256965944272446,0.4070515512577834,0.6510835913312694,10,28,1,84,ok,1.8119318999815732,1,none,Loan Approval
1,QSVC,quantum,LDA,default,491,123,2.00001522898674e-07,{},0.7479674796747967,0.7368421052631579,0.9882352941176471,0.8442211055276382,0.5993808049535604,0.3526631534005842,0.6718266253869969,8,30,1,84,ok,1.7040527000208385,1,none,Loan Approval
2,QSVC,quantum,LDA,default,491,123,3.00002284348011e-07,{},0.7235772357723578,0.7659574468085106,0.8571428571428571,0.8089887640449438,0.6465201465201464,0.32124498809572977,0.6662087912087913,17,22,12,72,ok,1.8463169999886304,1,none,Loan Approval
3,QSVC,quantum,LDA,default,491,123,2.00001522898674e-07,{},0.7723577235772358,0.7641509433962265,0.9642857142857143,0.8526315789473684,0.6616300366300366,0.4358596043026113,0.6764346764346765,14,25,3,81,ok,1.825804399966728,1,none,Loan Approval
4,QSVC,quantum,LDA,default,492,122,2.00001522898674e-07,{},0.6885245901639344,0.6885245901639344,1.0,0.8155339805825242,0.5,0.0,0.568609022556391,0,38,0,84,ok,1.6836593000334688,1,none,Loan Approval
5,QSVC,quantum,LDA,default,491,123,2.00001522898674e-07,{},0.7967479674796748,0.7830188679245284,0.9764705882352941,0.8691099476439791,0.6856037151702786,0.49698185024951325,0.639938080495356,15,23,2,83,ok,1.4989122999832034,1,none,Loan Approval
6,QSVC,quantum,LDA,default,491,123,2.00001522898674e-07,{},0.7642276422764228,0.7456140350877193,1.0,0.8542713567839196,0.618421052631579,0.4202294584913503,0.5956656346749227,9,29,0,85,ok,1.8233824000344612,1,none,Loan Approval
7,QSVC,quantum,LDA,default,491,123,2.00001522898674e-07,{},0.7154471544715447,0.7130434782608696,0.9761904761904762,0.8241206030150754,0.565018315018315,0.24538258592141993,0.5494505494505495,6,33,2,82,ok,1.7609082000562921,1,none,Loan Approval
8,QSVC,quantum,LDA,default,491,123,3.00002284348011e-07,{},0.7967479674796748,0.780952380952381,0.9761904761904762,0.8677248677248677,0.6932234432234432,0.5087809677491754,0.6834554334554335,16,23,2,82,ok,1.7694061000365764,1,none,Loan Approval
9,QSVC,quantum,LDA,default,492,122,4.00003045797348e-07,{},0.7622950819672131,0.7522935779816514,0.9761904761904762,0.8497409326424871,0.6328320802005012,0.3987305261415279,0.6607142857142857,11,27,2,82,ok,1.646368000016082,1,none,Loan Approval
10,QSVC,quantum,LDA,default,491,123,3.00002284348011e-07,{},0.7398373983739838,0.7304347826086957,0.9882352941176471,0.84,0.5862229102167182,0.32311715801841256,0.5578947368421052,7,31,1,84,ok,1.7612095999647863,1,none,Loan Approval
11,QSVC,quantum,LDA,default,491,123,3.00002284348011e-07,{},0.7804878048780488,0.7636363636363637,0.9882352941176471,0.8615384615384616,0.6520123839009289,0.4569221460374376,0.603095975232198,12,26,1,84,ok,1.7405960999894887,1,none,Loan Approval
12,QSVC,quantum,LDA,default,491,123,2.00001522898674e-07,{},0.7479674796747967,0.7523809523809524,0.9404761904761905,0.8359788359788359,0.6369047619047619,0.3604869889976384,0.6794871794871794,13,26,5,79,ok,1.7353200999787077,1,none,Loan Approval
13,QSVC,quantum,LDA,default,491,123,4.00003045797348e-07,{},0.8130081300813008,0.7850467289719626,1.0,0.8795811518324608,0.7051282051282051,0.5675125134405182,0.7084859584859585,16,23,0,84,ok,1.796282799972687,1,none,Loan Approval
14,QSVC,quantum,LDA,default,492,122,3.00002284348011e-07,{},0.7622950819672131,0.7433628318584071,1.0,0.8527918781725888,0.618421052631579,0.41959458775314057,0.7089598997493735,9,29,0,84,ok,1.945542800007388,1,none,Loan Approval
0,RandomForest,classical,LDA,default,491,123,2.00001522898674e-07,{},0.7235772357723578,0.7684210526315789,0.8588235294117647,0.8111111111111111,0.639938080495356,0.3084085084690298,0.6992260061919505,16,22,12,73,ok,0.4719381000031717,1,none,Loan Approval
1,RandomForest,classical,LDA,default,491,123,2.00001522898674e-07,{},0.7154471544715447,0.7777777777777778,0.8235294117647058,0.8,0.6486068111455108,0.30995007602744856,0.7476780185758514,18,20,15,70,ok,0.49896280001848936,1,none,Loan Approval
2,RandomForest,classical,LDA,default,491,123,2.00001522898674e-07,{},0.6910569105691057,0.7613636363636364,0.7976190476190477,0.7790697674418605,0.6295787545787546,0.26727625991690795,0.6517094017094017,18,21,17,67,ok,0.5014512999914587,1,none,Loan Approval
3,RandomForest,classical,LDA,default,491,123,3.00002284348011e-07,{},0.6991869918699187,0.7701149425287356,0.7976190476190477,0.783625730994152,0.6423992673992674,0.29127205542318124,0.7095543345543345,19,20,17,67,ok,0.4825100000016391,1,none,Loan Approval
4,RandomForest,classical,LDA,default,492,122,2.00001522898674e-07,{},0.7377049180327869,0.825,0.7857142857142857,0.8048780487804879,0.7086466165413534,0.4067271324337575,0.7388784461152882,24,14,18,66,ok,0.48599179997108877,1,none,Loan Approval
5,RandomForest,classical,LDA,default,491,123,2.00001522898674e-07,{},0.6910569105691057,0.7831325301204819,0.7647058823529411,0.7738095238095238,0.6455108359133126,0.28704999958920924,0.7196594427244581,20,18,20,65,ok,0.4669141999911517,1,none,Loan Approval
6,RandomForest,classical,LDA,default,491,123,2.00001522898674e-07,{},0.6747967479674797,0.7922077922077922,0.7176470588235294,0.7530864197530864,0.6482972136222911,0.2832304676869605,0.715015479876161,22,16,24,61,ok,0.44657750002807006,1,none,Loan Approval
7,RandomForest,classical,LDA,default,491,123,2.00001522898674e-07,{},0.6504065040650406,0.735632183908046,0.7619047619047619,0.7485380116959064,0.586080586080586,0.17607442578636034,0.6117216117216118,16,23,20,64,ok,0.4452109999838285,1,none,Loan Approval
8,RandomForest,classical,LDA,default,491,123,3.00002284348011e-07,{},0.6829268292682927,0.7419354838709677,0.8214285714285714,0.7796610169491526,0.603021978021978,0.2232696670042371,0.7132173382173383,15,24,15,69,ok,0.5200411999830976,1,none,Loan Approval
9,RandomForest,classical,LDA,default,492,122,3.00002284348011e-07,{},0.7622950819672131,0.8481012658227848,0.7976190476190477,0.8220858895705522,0.7409147869674186,0.46706478113511946,0.7949561403508771,26,12,17,67,ok,0.4572723999735899,1,none,Loan Approval
10,RandomForest,classical,LDA,default,491,123,3.00002284348011e-07,{},0.6422764227642277,0.7411764705882353,0.7411764705882353,0.7411764705882353,0.5811145510835913,0.16222910216718267,0.6702786377708978,16,22,22,63,ok,0.47521509998477995,1,none,Loan Approval
11,RandomForest,classical,LDA,default,491,123,2.00001522898674e-07,{},0.6829268292682927,0.8026315789473685,0.7176470588235294,0.7577639751552795,0.6614551083591331,0.30706288227692863,0.7656346749226006,23,15,24,61,ok,0.4762625000439584,1,none,Loan Approval
12,RandomForest,classical,LDA,default,491,123,3.00002284348011e-07,{},0.6178861788617886,0.7228915662650602,0.7142857142857143,0.718562874251497,0.5622710622710623,0.12371409277426676,0.6321733821733821,16,23,24,60,ok,0.40791920002084225,1,none,Loan Approval
13,RandomForest,classical,LDA,default,491,123,3.00002284348011e-07,{},0.7235772357723578,0.7906976744186046,0.8095238095238095,0.8,0.673992673992674,0.35308788552372206,0.7422161172161172,21,18,16,68,ok,0.4859721999964677,1,none,Loan Approval
14,RandomForest,classical,LDA,default,492,122,3.00002284348011e-07,{},0.7049180327868853,0.7666666666666667,0.8214285714285714,0.7931034482758621,0.6343984962406015,0.28298251537864505,0.6929824561403509,17,21,15,69,ok,0.3995046999771148,1,none,Loan Approval
