model,reduction,optimizer,n_folds,accuracy_mean,accuracy_std,accuracy_ci95,precision_mean,precision_std,precision_ci95,recall_mean,recall_std,recall_ci95,f1_mean,f1_std,f1_ci95,balanced_accuracy_mean,balanced_accuracy_std,balanced_accuracy_ci95,mcc_mean,mcc_std,mcc_ci95,roc_auc_mean,roc_auc_std,roc_auc_ci95,f1_ci95_bca
SVC,LDA,gwo,15,0.8084010840108402,0.025999071987456934,"[0.795, 0.822]",0.7944891533435309,0.022540844700540134,"[0.783, 0.806]",0.9739402427637721,0.022466317327065274,"[0.963, 0.985]",0.8748489418561606,0.016656700585662907,"[0.866, 0.883]",0.7094172648816612,0.03582097531282613,"[0.691, 0.728]",0.5353756907490866,0.06942644729440377,"[0.500, 0.571]",0.5596878130469461,0.20615778801490037,"[0.455, 0.664]","[0.868, 0.884]"
QSVC,LDA,gwo,15,0.8018392642942822,0.024987069126926106,"[0.789, 0.814]",0.7920012407617602,0.023501602727508265,"[0.780, 0.804]",0.9668160597572363,0.026504255785257565,"[0.953, 0.980]",0.8703016288863803,0.015462460293341572,"[0.862, 0.878]",0.7029761810257166,0.0386346832759317,"[0.683, 0.723]",0.5159770813990542,0.06960119572694638,"[0.481, 0.551]",0.7133477516062654,0.1324594584156009,"[0.646, 0.780]","[0.863, 0.878]"
VQC,LDA,gwo,15,0.7947931938335775,0.019209614358337034,"[0.785, 0.805]",0.7940340986353296,0.01829498236239463,"[0.785, 0.803]",0.948655462184874,0.035747648188625206,"[0.931, 0.967]",0.8639051137841943,0.013568731174453797,"[0.857, 0.871]",0.7025103671698097,0.029432550753428124,"[0.688, 0.717]",0.49561721790869967,0.056352720360762984,"[0.467, 0.524]",0.7345817913310173,0.06353904081105465,"[0.702, 0.767]","[0.857, 0.870]"
SVC,LDA,default,15,0.7812430583322226,0.03129740812691562,"[0.765, 0.797]",0.7949151534416588,0.024507880398931033,"[0.783, 0.807]",0.9203081232492998,0.040672919300263004,"[0.900, 0.941]",0.8524193586450333,0.021834837135840758,"[0.841, 0.863]",0.6979633283812849,0.04031238061523657,"[0.678, 0.718]",0.4599814339271047,0.08351717554083402,"[0.418, 0.502]",0.7331164260576025,0.03516184142177636,"[0.715, 0.751]","[0.842, 0.863]"
XGBoost,LDA,gwo,15,0.7610333644320051,0.058834252754515315,"[0.731, 0.791]",0.7987375973652997,0.02806841062658587,"[0.785, 0.813]",0.8718394024276377,0.0878341023516645,"[0.827, 0.916]",0.831849814724442,0.05035251630606257,"[0.806, 0.857]",0.6944892018885827,0.05134052039762222,"[0.669, 0.720]",0.42860777797819966,0.12193187860213524,"[0.367, 0.490]",0.7465353523325662,0.04388638381536896,"[0.724, 0.769]","[0.800, 0.852]"
MLP,LDA,gwo,15,0.7561952996579147,0.05647282080837278,"[0.728, 0.785]",0.801442304408298,0.03474366140550851,"[0.784, 0.819]",0.8578898225957049,0.060410635145033795,"[0.827, 0.888]",0.8281178073356285,0.042073884617078984,"[0.807, 0.849]",0.6952292117926794,0.06036931448602261,"[0.665, 0.726]",0.4149263642376109,0.13231927420619835,"[0.348, 0.482]",0.754243917990048,0.05430738792696471,"[0.727, 0.782]","[0.808, 0.848]"
RandomForest,LDA,gwo,15,0.7502909947132257,0.039783056746158896,"[0.730, 0.770]",0.7980058827935748,0.030621039380400065,"[0.783, 0.814]",0.8553594771241831,0.06967386373515777,"[0.820, 0.891]",0.823839650675039,0.032415436203900264,"[0.807, 0.840]",0.6871939086025772,0.04393422426300731,"[0.665, 0.709]",0.40323086363083627,0.0957592924021642,"[0.355, 0.452]",0.7366919844861021,0.04900708220650819,"[0.712, 0.761]","[0.808, 0.840]"
LogReg,LDA,gwo,15,0.7475320982718023,0.027732104427271368,"[0.733, 0.762]",0.7945861646638973,0.026213694858400506,"[0.781, 0.808]",0.8570588235294118,0.06733405241236769,"[0.823, 0.891]",0.8225539407737474,0.025520562469718445,"[0.810, 0.835]",0.6821731364610621,0.031994254648044874,"[0.666, 0.698]",0.393488760414052,0.06412339587968492,"[0.361, 0.426]",0.7523996895204325,0.04193235846582611,"[0.731, 0.774]","[0.810, 0.835]"
QNN,LDA,default,15,0.7459460660180373,0.036598166773494166,"[0.727, 0.764]",0.8064510504668106,0.01781446102691271,"[0.797, 0.815]",0.8301960784313724,0.06711032227368066,"[0.796, 0.864]",0.8167129070933214,0.03339940574648094,"[0.800, 0.834]",0.6955298880685878,0.026188110980923492,"[0.682, 0.709]",0.4049399317691259,0.06576603961120253,"[0.372, 0.438]",0.7612775213549207,0.03658142002448226,"[0.743, 0.780]","[0.798, 0.832]"
DecisionTree,LDA,gwo,15,0.7447865298325115,0.07841712182798823,"[0.705, 0.784]",0.8036649778356431,0.044146492824825245,"[0.781, 0.826]",0.8432959850606909,0.17035561808344002,"[0.757, 0.930]",0.8105647280178085,0.0893577331844261,"[0.765, 0.856]",0.6849858242892298,0.047825638084025186,"[0.661, 0.709]",0.4251985490261505,0.11628978241271275,"[0.366, 0.484]",0.7438657982311233,0.049157877009930795,"[0.719, 0.769]","[0.751, 0.844]"
MLP,LDA,default,15,0.7318450397618731,0.041313424312566405,"[0.711, 0.753]",0.8067145847001047,0.024177171837792617,"[0.794, 0.819]",0.8024836601307189,0.06353835974633247,"[0.770, 0.835]",0.8033881754589367,0.0365895092242123,"[0.785, 0.822]",0.6895234315048557,0.03733051416871403,"[0.671, 0.708]",0.38193691384825434,0.07829987600223753,"[0.342, 0.422]",0.7529552513763041,0.046448673152763215,"[0.729, 0.776]","[0.785, 0.820]"
LogReg,LDA,default,15,0.7242080945399619,0.04475630963084753,"[0.702, 0.747]",0.8088908656643995,0.029721579224864802,"[0.794, 0.824]",0.7850046685340802,0.0686929452582574,"[0.750, 0.820]",0.7952095745824878,0.03916874180369189,"[0.775, 0.815]",0.6877340031829196,0.0421793406192009,"[0.666, 0.709]",0.37442847064680307,0.09041138802274622,"[0.329, 0.420]",0.7628504267203958,0.039711058163293886,"[0.743, 0.783]","[0.775, 0.815]"
QNN,LDA,gwo,15,0.7134301834821627,0.14252368662223125,"[0.641, 0.786]",0.7570356301262732,0.2135416769731788,"[0.649, 0.865]",0.7736041083099907,0.2870567478803056,"[0.628, 0.919]",0.7480648098270959,0.23590771112708123,"[0.629, 0.867]",0.6776252660308387,0.06374679244170782,"[0.645, 0.710]",0.4043727366136966,0.1527763821209902,"[0.327, 0.482]",0.7353887609924762,0.04682199974879852,"[0.712, 0.759]","[0.576, 0.828]"
RandomForest,LDA,default,15,0.6661424319161225,0.030053017991357334,"[0.651, 0.681]",0.8137665843834737,0.03350454439451027,"[0.797, 0.831]",0.669000933706816,0.04578077582210524,"[0.646, 0.692]",0.7330677007882348,0.028657189764204245,"[0.719, 0.748]",0.6643025361291615,0.038133370438005,"[0.645, 0.684]",0.30835412680917573,0.06908216472103272,"[0.273, 0.343]",0.7378463567163258,0.05053135607260879,"[0.712, 0.763]","[0.719, 0.746]"
XGBoost,LDA,default,15,0.6623128526367231,0.03657567694316373,"[0.644, 0.681]",0.8108541574524973,0.03455211016861235,"[0.793, 0.828]",0.6651353874883287,0.05142308382831227,"[0.639, 0.691]",0.7294932706769806,0.03460773898057543,"[0.712, 0.747]",0.6607503298215373,0.039560561438150704,"[0.641, 0.681]",0.30191939432827775,0.07415421484461372,"[0.264, 0.339]",0.7237539361223571,0.04705838451507955,"[0.700, 0.748]","[0.712, 0.745]"
DecisionTree,LDA,default,15,0.6460215913634546,0.04923325407613392,"[0.621, 0.671]",0.7908817110351524,0.04808875179977821,"[0.767, 0.815]",0.6611951447245565,0.03954792898964968,"[0.641, 0.681]",0.7197214481350983,0.038165201982470726,"[0.700, 0.739]",0.6368053996227372,0.06119991722413089,"[0.606, 0.668]",0.2569082420869356,0.11432275136763145,"[0.199, 0.315]",0.6368053996227372,0.061199917224130866,"[0.606, 0.668]","[0.703, 0.741]"
QNN,PCA,gwo,15,0.5857879070593984,0.06673159044381456,"[0.552, 0.620]",0.6881252600100909,0.028129193569517444,"[0.674, 0.702]",0.7267600373482727,0.14439430925056285,"[0.654, 0.800]",0.7008040900717977,0.07109686330237364,"[0.665, 0.737]",0.5016841122413876,0.04366592587505244,"[0.480, 0.524]",0.005949957034922575,0.09494265360744444,"[-0.042, 0.054]",0.4917540394475379,0.061094244775868826,"[0.461, 0.523]","[0.667, 0.736]"
SVC,PCA,gwo,15,0.5787640499355812,0.05395505881872719,"[0.551, 0.606]",0.7131669434543612,0.04276903798269638,"[0.692, 0.735]",0.656265172735761,0.11286811701212643,"[0.599, 0.713]",0.6770695540067475,0.06431124012926712,"[0.645, 0.710]",0.5315288976589286,0.059190472316239306,"[0.502, 0.561]",0.06170037590752965,0.1168780179888581,"[0.003, 0.121]",0.4650110350032951,0.07081405846137241,"[0.429, 0.501]","[0.645, 0.704]"
LogReg,PCA,default,15,0.5825092185348082,0.03284226410638856,"[0.566, 0.599]",0.7351703185354581,0.024736837616533475,"[0.723, 0.748]",0.61531279178338,0.06076122791231515,"[0.585, 0.646]",0.6681647617262597,0.03715187169072361,"[0.649, 0.687]",0.5629870301696928,0.03275170076865881,"[0.546, 0.580]",0.11863682264840349,0.06277839952804211,"[0.087, 0.150]",0.5764153218642382,0.045892718289990926,"[0.553, 0.600]","[0.650, 0.686]"
LogReg,PCA,gwo,15,0.5673463947754233,0.039568944225746416,"[0.547, 0.587]",0.731943796980387,0.02893703665621457,"[0.717, 0.747]",0.5860130718954247,0.07745354677705238,"[0.547, 0.625]",0.6482137474254491,0.04792206742634882,"[0.624, 0.672]",0.5561644306845545,0.03468600422038799,"[0.539, 0.574]",0.10556617039402319,0.06452120548827245,"[0.073, 0.138]",0.5698898011746308,0.042296135240008505,"[0.548, 0.591]","[0.627, 0.673]"
DecisionTree,PCA,gwo,15,0.5677773335110401,0.06667078870116129,"[0.534, 0.602]",0.72560370634463,0.03355044208071105,"[0.709, 0.743]",0.601531279178338,0.15586857743050295,"[0.523, 0.680]",0.646567026660079,0.09534251887178621,"[0.598, 0.695]",0.5488538087299697,0.03926604067636636,"[0.529, 0.569]",0.09402175967621323,0.07367226246166644,"[0.057, 0.131]",0.5588752077529169,0.040646529846039975,"[0.538, 0.579]","[0.593, 0.688]"
XGBoost,PCA,default,15,0.5580345639521969,0.040855496724109236,"[0.537, 0.579]",0.7309280996891836,0.03969247477574892,"[0.711, 0.751]",0.567124183006536,0.05277920970368,"[0.540, 0.594]",0.6372919584199123,0.03946823292330947,"[0.617, 0.657]",0.5527028922230162,0.04752344483480091,"[0.529, 0.577]",0.09829981486546732,0.08888490189638903,"[0.053, 0.143]",0.5856359853883074,0.05600068709027298,"[0.557, 0.614]","[0.618, 0.655]"
RandomForest,PCA,gwo,15,0.5456395219689901,0.03957914050070142,"[0.526, 0.566]",0.7100023587044293,0.03530224770660155,"[0.692, 0.728]",0.5742670401493931,0.057062019285429824,"[0.545, 0.603]",0.6335321765519529,0.040701590773394615,"[0.613, 0.654]",0.5286989721664643,0.04256925130058549,"[0.507, 0.550]",0.05372633400529458,0.07961283921665109,"[0.013, 0.094]",0.559350305124299,0.04096246975540487,"[0.539, 0.580]","[0.614, 0.652]"
DecisionTree,PCA,default,15,0.5536940779243859,0.044294138700991685,"[0.531, 0.576]",0.7297194128294908,0.04714506782865295,"[0.706, 0.754]",0.5609150326797384,0.059100096488408485,"[0.531, 0.591]",0.6322509890415196,0.042697073149262424,"[0.611, 0.654]",0.5495758249318622,0.05364555376531754,"[0.522, 0.577]",0.09285577411997856,0.10001866230535873,"[0.042, 0.143]",0.5495758249318621,0.05364555376531753,"[0.522, 0.577]","[0.612, 0.654]"
SVC,PCA,default,15,0.545070860544671,0.038330890459535666,"[0.526, 0.564]",0.7128497117832148,0.040351351530630485,"[0.692, 0.733]",0.5692623716153127,0.061289030844784397,"[0.538, 0.600]",0.6309970363759763,0.041206116881189504,"[0.610, 0.652]",0.5305151264284391,0.04696445594998154,"[0.507, 0.554]",0.05650214141190562,0.08781684590441377,"[0.012, 0.101]",0.5488541142952906,0.050678165676123176,"[0.523, 0.575]","[0.610, 0.650]"
VQC,LDA,default,15,0.5569772091163535,0.04606929402298127,"[0.534, 0.580]",0.7409192680557765,0.04157959432019925,"[0.720, 0.762]",0.5499159663865547,0.08291167479166053,"[0.508, 0.592]",0.6275056227218462,0.0565928579260873,"[0.599, 0.656]",0.561552675051127,0.04291820978043217,"[0.540, 0.583]",0.11583053270529663,0.08087514031398704,"[0.075, 0.157]",0.5883854432461244,0.06705156317699665,"[0.554, 0.622]","[0.599, 0.654]"
VQC,PCA,gwo,15,0.565013994402239,0.12545019948075434,"[0.502, 0.629]",0.6561366647743597,0.18819716738186937,"[0.561, 0.751]",0.6327544351073763,0.2924198307760853,"[0.485, 0.781]",0.6253196126792273,0.21769157154177432,"[0.515, 0.735]",0.5233947614133373,0.05524727124985664,"[0.495, 0.551]",0.06253200112855492,0.11835574508843653,"[0.003, 0.122]",0.524881037435217,0.07269894704402974,"[0.488, 0.562]","[0.486, 0.702]"
RandomForest,PCA,default,15,0.5472211115553779,0.05073891690539555,"[0.522, 0.573]",0.723998383589729,0.04069640843965132,"[0.703, 0.745]",0.553109243697479,0.06515040399706486,"[0.520, 0.586]",0.6252920639993483,0.049758580130916746,"[0.600, 0.650]",0.5436486389427567,0.05555777820389277,"[0.516, 0.572]",0.0817226126041932,0.10448665446209159,"[0.029, 0.135]",0.5796784917295753,0.05719864513045021,"[0.551, 0.609]","[0.606, 0.655]"
QSVC,PCA,default,15,0.5434715002887734,0.030353531214249812,"[0.528, 0.559]",0.7178351045176565,0.03044715477364534,"[0.702, 0.733]",0.5553127917833799,0.045748378147021526,"[0.532, 0.578]",0.6249636511483244,0.03226730230592327,"[0.609, 0.641]",0.5364283257162513,0.0381509826707533,"[0.517, 0.556]",0.06759214345915673,0.07133652415844485,"[0.031, 0.104]",0.551154343878802,0.05003815012208066,"[0.526, 0.576]","[0.610, 0.640]"
QSVC,PCA,gwo,15,0.5542893953529701,0.06958827606447768,"[0.519, 0.590]",0.7391398528503154,0.05048724373711103,"[0.714, 0.765]",0.5459477124183005,0.11524333040078343,"[0.488, 0.604]",0.6199993249882992,0.1012959304530904,"[0.569, 0.671]",0.5595010716837342,0.061681530327072,"[0.528, 0.591]",0.11228836127390983,0.1147240207888488,"[0.054, 0.170]",0.5471484329224267,0.08655297997020829,"[0.503, 0.591]","[0.539, 0.656]"
QNN,PCA,default,15,0.5385134834954908,0.04236403594437805,"[0.517, 0.560]",0.7147942590535805,0.03233228397547423,"[0.698, 0.731]",0.5481886087768439,0.0805709923970766,"[0.507, 0.589]",0.6172198220862354,0.055941681361239,"[0.589, 0.646]",0.5328437420852282,0.03632197479440369,"[0.514, 0.551]",0.06175186570401869,0.06769140337273456,"[0.027, 0.096]",0.5468544601826334,0.05775624211715004,"[0.518, 0.576]","[0.590, 0.643]"
MLP,PCA,default,15,0.5341552267981696,0.05108131389051541,"[0.508, 0.560]",0.716102022504386,0.05061577352023241,"[0.690, 0.742]",0.537908496732026,0.07439846696374065,"[0.500, 0.576]",0.6113684667251159,0.05488105812132776,"[0.584, 0.639]",0.5318197454420364,0.06004326443218981,"[0.501, 0.562]",0.059224925890401244,0.11265399551750883,"[0.002, 0.116]",0.5448901224907416,0.059963763684673876,"[0.515, 0.575]","[0.582, 0.636]"
QSVC,LDA,default,15,0.5505220134168555,0.06812478771259148,"[0.516, 0.585]",0.7573890556313484,0.07664772984464936,"[0.719, 0.796]",0.5149486461251167,0.08247472754050215,"[0.473, 0.557]",0.6091589547074012,0.06831231087889156,"[0.575, 0.644]",0.5715993792928777,0.07671988705959154,"[0.533, 0.610]",0.1356177627709572,0.14550774798410404,"[0.062, 0.209]",0.5715097131970197,0.08000569800401543,"[0.531, 0.612]","[0.578, 0.645]"
VQC,PCA,default,15,0.5228841796614688,0.04727092274694696,"[0.499, 0.547]",0.7017856906774596,0.04150723863660371,"[0.681, 0.723]",0.5330532212885153,0.08477067714954674,"[0.490, 0.576]",0.6024677702223292,0.0601698080329112,"[0.572, 0.633]",0.5163916578777259,0.04787991234361624,"[0.492, 0.541]",0.030235235762907115,0.08906177653909088,"[-0.015, 0.075]",0.5205101050766684,0.05925729606621863,"[0.491, 0.550]","[0.569, 0.627]"
MLP,PCA,gwo,15,0.5315340530454485,0.051236846663508855,"[0.506, 0.557]",0.7247289277132032,0.042856108532178104,"[0.703, 0.746]",0.5184500466853408,0.10470378340065957,"[0.465, 0.571]",0.5979474409733678,0.07327014769790915,"[0.561, 0.635]",0.5398817934731247,0.04418462989215307,"[0.518, 0.562]",0.07586927829562026,0.08441715550870416,"[0.033, 0.119]",0.5500237773921984,0.04351756136107001,"[0.528, 0.572]","[0.557, 0.631]"
QDT,PCA,default,15,0.5270514016615576,0.08724376392287363,"[0.483, 0.571]",0.7013584673648509,0.0536837367027379,"[0.674, 0.729]",0.5428197945845006,0.2163743323436681,"[0.433, 0.652]",0.5864138039473238,0.1634521574441887,"[0.504, 0.669]",0.5187558262171266,0.03999324430819927,"[0.499, 0.539]",0.03411467200544559,0.08252624942882206,"[-0.008, 0.076]",0.5239873880276357,0.05639777964303171,"[0.495, 0.553]","[0.490, 0.653]"
XGBoost,PCA,gwo,15,0.5081567373050779,0.03491460344482321,"[0.490, 0.526]",0.6972439003189567,0.03951853949784151,"[0.677, 0.717]",0.50703081232493,0.05516463162538151,"[0.479, 0.535]",0.5849859071379099,0.03896951796462903,"[0.565, 0.605]",0.5083512136298514,0.046714766241029514,"[0.485, 0.532]",0.015773209232012017,0.08760728904863131,"[-0.029, 0.060]",0.548118914682382,0.05735896336471499,"[0.519, 0.577]","[0.563, 0.603]"
QDT,PCA,gwo,15,0.49565951397218894,0.06226373581353135,"[0.464, 0.527]",0.7099747355350368,0.04835913838018124,"[0.686, 0.734]",0.463641456582633,0.14789867462056835,"[0.389, 0.538]",0.5428453855180888,0.1309888451967073,"[0.477, 0.609]",0.5147941875805653,0.04303422729994245,"[0.493, 0.537]",0.03104231839302739,0.08200498072864554,"[-0.010, 0.073]",0.5165759452678956,0.044806105343940396,"[0.494, 0.539]","[0.457, 0.592]"
QDT,LDA,default,15,0.4760406948331778,0.08230406640362822,"[0.434, 0.518]",0.697909437871702,0.06840822805955277,"[0.663, 0.733]",0.41901960784313724,0.19196931431287498,"[0.322, 0.516]",0.4983900833491043,0.1665887681496334,"[0.414, 0.583]",0.5112192056309702,0.05814106993417057,"[0.482, 0.541]",0.019051385270577304,0.11512799067826106,"[-0.039, 0.077]",0.5235146910766105,0.06882437259068057,"[0.489, 0.558]","[0.401, 0.570]"
QDT,LDA,gwo,15,0.48537473899329164,0.07614116624052053,"[0.447, 0.524]",0.7186234538459996,0.07979783983106181,"[0.678, 0.759]",0.4061531279178337,0.1859087674979359,"[0.312, 0.500]",0.4942727980167494,0.172543298301439,"[0.407, 0.582]",0.5330135860012021,0.03821686296183118,"[0.514, 0.552]",0.06332085913961309,0.08098856629450872,"[0.022, 0.104]",0.5257149094455597,0.05323819318442264,"[0.499, 0.553]","[0.391, 0.562]"
